interval_begin;interval_end;interval_id;edge_arrived;edge_departed;edge_entered;edge_id;edge_laneChangedFrom;edge_laneChangedTo;edge_left;edge_sampledSeconds
3600.00;7200.00;3600_to_7200;0;0;0;-1000933268;0;0;0;0.00
3600.00;7200.00;3600_to_7200;0;0;0;-1006106056#0;0;0;0;0.00
3600.00;7200.00;3600_to_7200;0;0;0;-1006106056#1;0;0;0;0.00
3600.00;7200.00;3600_to_7200;4;7;33;-1024105863;0;0;36;727.58
3600.00;7200.00;3600_to_7200;1;4;13;-1037986847;0;0;16;52.69
3600.00;7200.00;3600_to_7200;0;0;0;-1056901981#1;0;0;0;0.00
3600.00;7200.00;3600_to_7200;0;0;0;-1058267556#0;0;0;0;0.00
3600.00;7200.00;3600_to_7200;0;0;0;-1058267556#1;0;0;0;0.00
3600.00;7200.00;3600_to_7200;0;0;0;-1059828488;0;0;0;0.00
3600.00;7200.00;3600_to_7200;0;0;0;-1059828490;0;0;0;0.00
3600.00;7200.00;3600_to_7200;1;4;34;-1066438511#1;0;0;37;357.55
3600.00;7200.00;3600_to_7200;3;5;61;-1066478854#1;0;0;63;689.72
3600.00;7200.00;3600_to_7200;1;3;8;-1080960154#1;0;0;10;416.29
3600.00;7200.00;3600_to_7200;0;11;0;-1083809476#2;0;0;11;129.83
3600.00;7200.00;3600_to_7200;0;0;0;-1089556862;0;0;0;0.00
3600.00;7200.00;3600_to_7200;0;0;0;-1092037414;0;0;0;0.00
3600.00;7200.00;3600_to_7200;0;0;0;-1092277111#0;0;0;0;0.00
3600.00;7200.00;3600_to_7200;0;0;0;-1092277112;0;0;0;0.00
3600.00;7200.00;3600_to_7200;0;0;0;-1092277114#0;0;0;0;0.00
3600.00;7200.00;3600_to_7200;0;0;0;-1092277114#1;0;0;0;0.00
3600.00;7200.00;3600_to_7200;0;0;0;-1099375861;0;0;0;0.00
3600.00;7200.00;3600_to_7200;0;0;0;-1104041094;0;0;0;0.00
3600.00;7200.00;3600_to_7200;0;0;0;-1104477172;0;0;0;0.00
3600.00;7200.00;3600_to_7200;2;6;6;-1106583870;0;0;10;160.69
3600.00;7200.00;3600_to_7200;0;0;0;-1109746214;0;0;0;0.00
3600.00;7200.00;3600_to_7200;0;0;0;-1109746215;0;0;0;0.00
3600.00;7200.00;3600_to_7200;0;0;0;-1112471208;0;0;0;0.00
3600.00;7200.00;3600_to_7200;0;0;0;-1127569560;0;0;0;0.00
3600.00;7200.00;3600_to_7200;0;0;0;-1143919181;0;0;0;0.00
3600.00;7200.00;3600_to_7200;6;3;15;-1156329250;0;0;12;15.27
3600.00;7200.00;3600_to_7200;0;0;0;-1156337048;0;0;0;0.00
3600.00;7200.00;3600_to_7200;3;3;18;-1167764376;0;0;18;218.57
3600.00;7200.00;3600_to_7200;0;0;0;-1174838574;0;0;0;0.00
3600.00;7200.00;3600_to_7200;0;0;0;-1189500284;0;0;0;0.00
3600.00;7200.00;3600_to_7200;2;5;73;-119180342#1;4;4;76;103.38
3600.00;7200.00;3600_to_7200;2;3;17;-121794822#1;0;0;18;614.37
3600.00;7200.00;3600_to_7200;6;5;39;-121794822#3;0;0;38;324.48
3600.00;7200.00;3600_to_7200;1;5;12;-121794822#5;0;0;16;190.20
3600.00;7200.00;3600_to_7200;1;2;13;-121794822#7;0;0;14;109.71
3600.00;7200.00;3600_to_7200;2;7;12;-121794822#9;0;0;17;101.30
3600.00;7200.00;3600_to_7200;0;11;0;-121794824;0;0;10;404.40
3600.00;7200.00;3600_to_7200;1;7;40;-121794825#0;0;0;46;166.84
3600.00;7200.00;3600_to_7200;3;4;26;-121794825#2;0;0;27;1001.52
3600.00;7200.00;3600_to_7200;0;5;0;-121794825#3;0;0;5;11.93
3600.00;7200.00;3600_to_7200;4;2;21;-121794827;0;0;19;750.08
3600.00;7200.00;3600_to_7200;1;0;27;-1230294701;0;0;21;8648.80
3600.00;7200.00;3600_to_7200;0;0;0;-1236138839;0;0;0;0.00
3600.00;7200.00;3600_to_7200;0;0;0;-1236138842;0;0;0;0.00
3600.00;7200.00;3600_to_7200;0;0;0;-1236456856;0;0;0;0.00
3600.00;7200.00;3600_to_7200;0;0;0;-1238081828#1;0;0;0;0.00
3600.00;7200.00;3600_to_7200;0;0;0;-1239207127#1;0;0;0;0.00
3600.00;7200.00;3600_to_7200;0;0;0;-1239219872#1;0;0;0;0.00
3600.00;7200.00;3600_to_7200;0;0;0;-1245256709;0;0;0;0.00
3600.00;7200.00;3600_to_7200;0;0;0;-1245258622;0;0;0;0.00
3600.00;7200.00;3600_to_7200;3;0;3;-1263793722#2;0;0;0;56.58
3600.00;7200.00;3600_to_7200;1;6;5;-1263793723;0;0;9;1663.44
3600.00;7200.00;3600_to_7200;6;9;23;-1267194155#2;0;0;26;555.03
3600.00;7200.00;3600_to_7200;0;0;0;-1305384085;0;0;0;0.00
3600.00;7200.00;3600_to_7200;0;0;0;-1305393686;0;0;0;0.00
3600.00;7200.00;3600_to_7200;4;2;33;-1307684786#1;0;0;24;1404.25
3600.00;7200.00;3600_to_7200;0;0;0;-131916344;0;0;0;0.00
3600.00;7200.00;3600_to_7200;0;0;0;-131916348#3;0;0;0;0.00
3600.00;7200.00;3600_to_7200;0;0;0;-131954303;0;0;0;0.00
3600.00;7200.00;3600_to_7200;0;0;0;-132043932;0;0;0;0.00
3600.00;7200.00;3600_to_7200;0;0;0;-132043933;0;0;0;0.00
3600.00;7200.00;3600_to_7200;0;0;0;-132043934#0;0;0;0;0.00
3600.00;7200.00;3600_to_7200;0;0;0;-132043934#1;0;0;0;0.00
3600.00;7200.00;3600_to_7200;3;8;149;-132148870#1;0;0;154;2729.72
3600.00;7200.00;3600_to_7200;3;5;202;-132148870#2;0;0;204;627.69
3600.00;7200.00;3600_to_7200;0;0;0;-132376877;0;0;0;0.00
3600.00;7200.00;3600_to_7200;0;0;0;-132453746;0;0;0;0.00
3600.00;7200.00;3600_to_7200;0;0;0;-132453750#1;0;0;0;0.00
3600.00;7200.00;3600_to_7200;0;0;0;-132453751;0;0;0;0.00
3600.00;7200.00;3600_to_7200;0;0;0;-132453755;0;0;0;0.00
3600.00;7200.00;3600_to_7200;0;0;0;-132453762;0;0;0;0.00
3600.00;7200.00;3600_to_7200;0;0;0;-132928975;0;0;0;0.00
3600.00;7200.00;3600_to_7200;0;0;0;-13548482#0;0;0;0;0.00
3600.00;7200.00;3600_to_7200;0;0;0;-13548482#1;0;0;0;0.00
3600.00;7200.00;3600_to_7200;0;0;0;-137118865;0;0;0;0.00
3600.00;7200.00;3600_to_7200;0;0;0;-137419461#0;0;0;0;0.00
3600.00;7200.00;3600_to_7200;0;0;0;-137419461#1;0;0;0;0.00
3600.00;7200.00;3600_to_7200;0;0;0;-137419461#2;0;0;0;0.00
3600.00;7200.00;3600_to_7200;0;0;0;-137634033;0;0;0;0.00
3600.00;7200.00;3600_to_7200;5;0;5;-13764245#1;0;0;0;144.48
3600.00;7200.00;3600_to_7200;0;8;0;-13764247#1;0;0;7;469.96
3600.00;7200.00;3600_to_7200;4;3;85;-13764389;0;0;84;90.77
3600.00;7200.00;3600_to_7200;2;2;243;-13853658;0;0;244;2521.77
3600.00;7200.00;3600_to_7200;4;7;87;-13853659#0;0;0;91;711.07
3600.00;7200.00;3600_to_7200;1;5;83;-13853659#1;0;0;87;585.91
3600.00;7200.00;3600_to_7200;4;3;4;-13853663;0;0;3;146.38
3600.00;7200.00;3600_to_7200;0;0;0;-138717593#0;0;0;0;0.00
3600.00;7200.00;3600_to_7200;0;0;0;-138717593#1;0;0;0;0.00
3600.00;7200.00;3600_to_7200;0;0;0;-138748684;0;0;0;0.00
3600.00;7200.00;3600_to_7200;0;0;0;-138748689;0;0;0;0.00
3600.00;7200.00;3600_to_7200;1;9;58;-14118784#0;0;0;65;1027.59
3600.00;7200.00;3600_to_7200;3;5;60;-14118784#2;0;0;62;1189.97
3600.00;7200.00;3600_to_7200;0;5;8;-14362916#1;0;0;13;346.74
3600.00;7200.00;3600_to_7200;0;0;0;-14475193#5;0;0;0;0.00
3600.00;7200.00;3600_to_7200;0;10;0;-145550725#1;0;0;10;357.92
3600.00;7200.00;3600_to_7200;4;0;4;-14858868;0;0;0;44.37
3600.00;7200.00;3600_to_7200;6;0;6;-150275972;0;0;0;80.35
3600.00;7200.00;3600_to_7200;3;3;60;-150275984#0;0;0;60;664.83
3600.00;7200.00;3600_to_7200;1;7;54;-150275984#1;0;0;60;269.89
3600.00;7200.00;3600_to_7200;3;7;50;-150275984#2;0;0;54;96.31
3600.00;7200.00;3600_to_7200;0;7;43;-150275984#3;0;0;50;189.88
3600.00;7200.00;3600_to_7200;1;4;40;-150275984#4;0;0;43;222.53
3600.00;7200.00;3600_to_7200;1;7;29;-150275984#6;0;0;35;404.74
3600.00;7200.00;3600_to_7200;6;0;6;-150275985#2;0;0;0;48.40
3600.00;7200.00;3600_to_7200;2;4;155;-150275986#1;0;0;157;2444.06
3600.00;7200.00;3600_to_7200;1;3;200;-150275986#2;0;0;204;1324.49
3600.00;7200.00;3600_to_7200;1;5;196;-150275986#3;0;0;200;443.55
3600.00;7200.00;3600_to_7200;3;6;193;-150275986#4;0;0;196;157.30
3600.00;7200.00;3600_to_7200;2;3;33;-150275988#2;0;0;34;405.69
3600.00;7200.00;3600_to_7200;2;5;30;-150275988#4;0;0;33;233.55
3600.00;7200.00;3600_to_7200;4;4;30;-150275988#5;0;0;30;364.63
3600.00;7200.00;3600_to_7200;0;0;0;-150275992#1;0;0;0;0.00
3600.00;7200.00;3600_to_7200;3;5;37;-150276003#1;0;0;34;5265.43
3600.00;7200.00;3600_to_7200;1;5;19;-150276003#2;0;0;23;653.84
3600.00;7200.00;3600_to_7200;2;8;18;-15089551;0;0;24;202.60
3600.00;7200.00;3600_to_7200;0;6;0;-155472436#1;0;0;6;103.19
3600.00;7200.00;3600_to_7200;0;0;0;-159636087;0;0;0;0.00
3600.00;7200.00;3600_to_7200;4;3;88;-17073048#1;0;0;87;252.98
3600.00;7200.00;3600_to_7200;0;0;0;-175976586#3;0;0;0;0.00
3600.00;7200.00;3600_to_7200;0;0;0;-175976586#5;0;0;0;0.00
3600.00;7200.00;3600_to_7200;0;0;0;-175976586#7;0;0;0;0.00
3600.00;7200.00;3600_to_7200;5;4;11;-17670100#4;0;0;9;330.35
3600.00;7200.00;3600_to_7200;0;0;0;-17670100#6;0;0;0;0.00
3600.00;7200.00;3600_to_7200;6;6;16;-17671153;0;0;16;40.15
3600.00;7200.00;3600_to_7200;2;2;61;-220267104#1;0;0;61;1323.79
3600.00;7200.00;3600_to_7200;0;8;113;-220267105#0;0;0;117;3875.56
3600.00;7200.00;3600_to_7200;3;2;102;-220267105#1;0;0;92;10475.76
3600.00;7200.00;3600_to_7200;3;7;166;-220267105#2;0;0;160;8572.04
3600.00;7200.00;3600_to_7200;4;3;164;-220267105#3;0;0;159;2608.88
3600.00;7200.00;3600_to_7200;0;6;163;-220267105#4;0;0;164;2747.29
3600.00;7200.00;3600_to_7200;0;14;0;-220267106#1;0;0;14;799.00
3600.00;7200.00;3600_to_7200;4;4;24;-220267107#0;0;0;23;303.10
3600.00;7200.00;3600_to_7200;3;4;48;-220267107#1;0;0;49;600.53
3600.00;7200.00;3600_to_7200;4;3;42;-220267108#2;0;0;41;304.90
3600.00;7200.00;3600_to_7200;3;4;24;-220267247#0;0;0;25;91.50
3600.00;7200.00;3600_to_7200;4;2;23;-220267247#1;0;0;21;102.31
3600.00;7200.00;3600_to_7200;6;2;27;-220267247#2;0;0;23;32.79
3600.00;7200.00;3600_to_7200;0;13;14;-220267247#5;0;0;27;353.71
3600.00;7200.00;3600_to_7200;1;0;1;-23084263#0;0;0;0;11.46
3600.00;7200.00;3600_to_7200;3;2;8;-23084263#2;0;0;7;84.96
3600.00;7200.00;3600_to_7200;0;1;3;-23084282;0;0;4;96.93
3600.00;7200.00;3600_to_7200;5;0;5;-231475826#2;0;0;0;66.69
3600.00;7200.00;3600_to_7200;0;0;0;-231483332#2;0;0;0;0.00
3600.00;7200.00;3600_to_7200;3;4;141;-231940830#3;0;0;142;4730.81
3600.00;7200.00;3600_to_7200;0;1;10;-236306864#4;0;0;13;214.06
3600.00;7200.00;3600_to_7200;3;5;56;-237344387;0;0;58;742.09
3600.00;7200.00;3600_to_7200;0;0;0;-23912283#1;0;0;0;0.00
3600.00;7200.00;3600_to_7200;2;6;14;-239757763;0;0;18;296.56
3600.00;7200.00;3600_to_7200;4;1;57;-239757874#1;0;0;50;2984.79
3600.00;7200.00;3600_to_7200;4;7;18;-239757874#3;0;0;21;55.26
3600.00;7200.00;3600_to_7200;4;7;4;-239758251;0;0;7;255.88
3600.00;7200.00;3600_to_7200;1;3;134;-239923867#1;0;0;109;73975.40
3600.00;7200.00;3600_to_7200;4;5;64;-240549301;0;0;63;2095.03
3600.00;7200.00;3600_to_7200;3;1;30;-244422543#1;0;0;28;536.00
3600.00;7200.00;3600_to_7200;5;1;85;-244422544#1;0;0;77;1877.31
3600.00;7200.00;3600_to_7200;1;2;119;-265113917#1;0;0;123;3084.11
3600.00;7200.00;3600_to_7200;1;3;12;-27807643#2;0;0;14;296.94
3600.00;7200.00;3600_to_7200;1;6;10;-27882418#1;0;0;15;77.51
3600.00;7200.00;3600_to_7200;2;6;101;-27882429#2;0;0;91;8002.92
3600.00;7200.00;3600_to_7200;0;0;0;-28574666#1;0;0;0;0.00
3600.00;7200.00;3600_to_7200;0;0;0;-28575360;0;0;0;0.00
3600.00;7200.00;3600_to_7200;2;7;124;-290172304;0;0;116;14216.20
3600.00;7200.00;3600_to_7200;3;3;48;-290172305#0;0;0;42;3480.49
3600.00;7200.00;3600_to_7200;5;6;91;-290174549#0;0;0;93;1810.32
3600.00;7200.00;3600_to_7200;1;5;89;-290174549#3;0;0;93;249.16
3600.00;7200.00;3600_to_7200;3;5;12;-29023870#1;0;0;13;828.03
3600.00;7200.00;3600_to_7200;1;3;32;-291949061#2;0;0;28;3448.37
3600.00;7200.00;3600_to_7200;0;0;0;-302657565#1;0;0;0;0.00
3600.00;7200.00;3600_to_7200;0;11;0;-30324793;0;0;11;205.46
3600.00;7200.00;3600_to_7200;6;5;27;-305670610;0;0;26;62.79
3600.00;7200.00;3600_to_7200;0;0;0;-308617262;0;0;0;0.00
3600.00;7200.00;3600_to_7200;6;5;12;-31411680#2;0;0;10;391.77
3600.00;7200.00;3600_to_7200;3;5;80;-31411842#1;0;0;83;1441.62
3600.00;7200.00;3600_to_7200;0;0;0;-31411969;0;0;0;0.00
3600.00;7200.00;3600_to_7200;4;4;47;-31428170#1;0;0;47;1044.89
3600.00;7200.00;3600_to_7200;2;1;211;-31431101#1;0;0;196;34361.70
3600.00;7200.00;3600_to_7200;3;6;178;-31431101#2;0;0;175;9253.24
3600.00;7200.00;3600_to_7200;2;5;182;-31431101#4;0;0;178;13768.09
3600.00;7200.00;3600_to_7200;3;4;183;-31431101#5;0;0;182;5356.00
3600.00;7200.00;3600_to_7200;1;2;16;-31431343#2;0;0;17;191.44
3600.00;7200.00;3600_to_7200;1;3;2;-31445160#0;0;0;4;90.71
3600.00;7200.00;3600_to_7200;1;8;3;-31445160#2;0;0;9;494.16
3600.00;7200.00;3600_to_7200;1;4;125;-31459223#1;0;0;116;14730.48
3600.00;7200.00;3600_to_7200;6;0;6;-31512978#1;0;0;0;15.13
3600.00;7200.00;3600_to_7200;2;6;6;-31512978#2;0;0;10;16.98
3600.00;7200.00;3600_to_7200;0;0;0;-31516327#0;0;0;0;0.00
3600.00;7200.00;3600_to_7200;0;0;0;-31516327#1;0;0;0;0.00
3600.00;7200.00;3600_to_7200;3;3;25;-31519076#0;0;0;23;1633.24
3600.00;7200.00;3600_to_7200;4;4;26;-31519076#1;0;0;25;691.12
3600.00;7200.00;3600_to_7200;3;4;25;-31519076#2;0;0;26;514.13
3600.00;7200.00;3600_to_7200;2;6;99;-32200291;0;0;93;18518.71
3600.00;7200.00;3600_to_7200;1;3;14;-327412184;0;0;16;301.18
3600.00;7200.00;3600_to_7200;2;6;29;-33301560#1;0;0;33;144.91
3600.00;7200.00;3600_to_7200;0;0;0;-33301680#1;0;0;0;0.00
3600.00;7200.00;3600_to_7200;4;7;67;-34065519;0;0;68;1589.30
3600.00;7200.00;3600_to_7200;0;0;0;-366576297;0;0;0;0.00
3600.00;7200.00;3600_to_7200;0;11;0;-36786443#2;0;0;11;604.10
3600.00;7200.00;3600_to_7200;0;3;1;-36786444#2;2;2;4;55.26
3600.00;7200.00;3600_to_7200;18;2;138;-36786445#2;92;92;122;1047.73
3600.00;7200.00;3600_to_7200;0;0;0;-37346632#1;0;0;0;0.00
3600.00;7200.00;3600_to_7200;0;0;0;-377719665;0;0;0;0.00
3600.00;7200.00;3600_to_7200;0;0;0;-396062730;0;0;0;0.00
3600.00;7200.00;3600_to_7200;0;0;0;-396636211;0;0;0;0.00
3600.00;7200.00;3600_to_7200;0;0;0;-396957783;0;0;0;0.00
3600.00;7200.00;3600_to_7200;2;5;68;-400062404;0;0;70;700.31
3600.00;7200.00;3600_to_7200;6;5;91;-400062405;0;0;90;2114.74
3600.00;7200.00;3600_to_7200;0;0;0;-400587011;0;0;0;0.00
3600.00;7200.00;3600_to_7200;0;0;0;-400587016#0;0;0;0;0.00
3600.00;7200.00;3600_to_7200;0;0;0;-400587016#1;0;0;0;0.00
3600.00;7200.00;3600_to_7200;0;0;0;-400603376#1;0;0;0;0.00
3600.00;7200.00;3600_to_7200;0;0;0;-400961616;0;0;0;0.00
3600.00;7200.00;3600_to_7200;0;0;0;-400961623;0;0;0;0.00
3600.00;7200.00;3600_to_7200;0;0;0;-401041385#1;0;0;0;0.00
3600.00;7200.00;3600_to_7200;0;0;0;-403882372;0;0;0;0.00
3600.00;7200.00;3600_to_7200;4;1;77;-40493501#0;0;0;70;4287.62
3600.00;7200.00;3600_to_7200;1;7;78;-40493501#1;0;0;77;4525.44
3600.00;7200.00;3600_to_7200;2;7;73;-40493501#2;0;0;78;342.66
3600.00;7200.00;3600_to_7200;3;4;51;-40493501#3;0;0;54;2680.56
3600.00;7200.00;3600_to_7200;1;7;52;-40493501#4;0;0;58;4185.92
3600.00;7200.00;3600_to_7200;3;5;24;-40493652;0;0;26;55.05
3600.00;7200.00;3600_to_7200;4;0;4;-40598675#2;0;0;0;48.30
3600.00;7200.00;3600_to_7200;2;4;7;-40598675#3;0;0;10;204.13
3600.00;7200.00;3600_to_7200;0;0;0;-409506868;0;0;0;0.00
3600.00;7200.00;3600_to_7200;4;5;121;-414404581#1;0;0;123;1465.30
3600.00;7200.00;3600_to_7200;0;0;0;-430147229#1;0;0;0;0.00
3600.00;7200.00;3600_to_7200;3;5;38;-4312572#1;0;0;40;1146.94
3600.00;7200.00;3600_to_7200;6;2;15;-4312633;0;0;11;206.34
3600.00;7200.00;3600_to_7200;3;6;23;-4318228#2;0;0;24;2438.58
3600.00;7200.00;3600_to_7200;6;7;233;-4318237#2;0;0;235;3791.15
3600.00;7200.00;3600_to_7200;0;13;12;-4318239#1;0;0;25;673.37
3600.00;7200.00;3600_to_7200;0;0;0;-4318240#0;0;0;0;0.00
3600.00;7200.00;3600_to_7200;0;0;0;-4318240#1;0;0;0;0.00
3600.00;7200.00;3600_to_7200;3;4;25;-4318242#1;0;0;25;397.28
3600.00;7200.00;3600_to_7200;0;8;4;-433333438#1;4;4;13;65.24
3600.00;7200.00;3600_to_7200;7;0;12;-434361017#1;0;0;5;99.15
3600.00;7200.00;3600_to_7200;5;0;5;-43963512#1;0;0;0;40.15
3600.00;7200.00;3600_to_7200;2;0;2;-4426074#1;0;0;0;75.76
3600.00;7200.00;3600_to_7200;5;0;5;-4426075#1;0;0;0;149.23
3600.00;7200.00;3600_to_7200;3;0;13;-4426076#0;0;0;10;79.06
3600.00;7200.00;3600_to_7200;3;9;7;-4426076#2;0;0;13;136.64
3600.00;7200.00;3600_to_7200;4;4;75;-450925440;0;0;70;2675.83
3600.00;7200.00;3600_to_7200;5;5;19;-47027406;0;0;19;42.79
3600.00;7200.00;3600_to_7200;2;8;322;-47027743#2;0;0;317;27466.64
3600.00;7200.00;3600_to_7200;5;4;8;-47027857#1;0;0;7;15.73
3600.00;7200.00;3600_to_7200;3;4;20;-4726710#0;0;0;21;218.12
3600.00;7200.00;3600_to_7200;0;12;8;-4726710#1;0;0;20;62.64
3600.00;7200.00;3600_to_7200;2;4;42;-4726711#0;0;0;44;825.59
3600.00;7200.00;3600_to_7200;3;4;33;-4726711#1;0;0;34;468.56
3600.00;7200.00;3600_to_7200;1;3;13;-4730648#1;0;0;13;997.83
3600.00;7200.00;3600_to_7200;0;9;4;-4730648#2;0;0;13;86.86
3600.00;7200.00;3600_to_7200;0;5;2;-4730648#4;0;0;7;18.35
3600.00;7200.00;3600_to_7200;3;7;19;-47426239;0;0;23;371.38
3600.00;7200.00;3600_to_7200;2;3;150;-47426241#1;0;0;122;44113.07
3600.00;7200.00;3600_to_7200;4;6;160;-47426244#0;0;0;162;1229.16
3600.00;7200.00;3600_to_7200;3;6;158;-47426244#1;0;0;161;666.41
3600.00;7200.00;3600_to_7200;6;3;161;-47426244#2;0;0;158;1417.99
3600.00;7200.00;3600_to_7200;2;3;73;-47446166;0;0;72;4001.71
3600.00;7200.00;3600_to_7200;1;0;116;-4760584#1;0;0;105;23731.69
3600.00;7200.00;3600_to_7200;2;3;45;-47895849#0;0;0;47;511.33
3600.00;7200.00;3600_to_7200;8;6;47;-47895849#3;0;0;45;893.91
3600.00;7200.00;3600_to_7200;5;4;122;-47895849#4;0;0;122;1220.29
3600.00;7200.00;3600_to_7200;3;6;113;-47896065;0;0;116;1716.07
3600.00;7200.00;3600_to_7200;2;3;39;-47999870;0;0;36;2161.31
3600.00;7200.00;3600_to_7200;3;3;5;-47999871;0;0;5;196.52
3600.00;7200.00;3600_to_7200;0;0;0;-480301021#1;0;0;0;0.00
3600.00;7200.00;3600_to_7200;0;0;0;-480522772;0;0;0;0.00
3600.00;7200.00;3600_to_7200;0;7;0;-480937385;0;0;7;61.13
3600.00;7200.00;3600_to_7200;2;4;214;-507534348#1;0;0;216;1644.65
3600.00;7200.00;3600_to_7200;1;0;1;-510702675#4;0;0;0;11.76
3600.00;7200.00;3600_to_7200;1;4;47;-510702678#1;0;0;42;25799.63
3600.00;7200.00;3600_to_7200;0;7;8;-523287556;0;0;15;43.87
3600.00;7200.00;3600_to_7200;8;0;25;-524150306#1;13;13;17;641.49
3600.00;7200.00;3600_to_7200;1;5;21;-524150311#0;3;3;25;64.71
3600.00;7200.00;3600_to_7200;2;5;18;-524150311#1;8;8;21;179.43
3600.00;7200.00;3600_to_7200;0;6;27;-524150320#2;3;3;33;248.61
3600.00;7200.00;3600_to_7200;3;6;133;-524150326;0;0;136;1048.31
3600.00;7200.00;3600_to_7200;1;4;136;-524150333#1;0;0;139;2437.52
3600.00;7200.00;3600_to_7200;5;6;157;-524150338#1;3;3;158;2830.62
3600.00;7200.00;3600_to_7200;3;6;158;-524150342;5;5;161;263.96
3600.00;7200.00;3600_to_7200;2;5;139;-524150347#1;0;0;142;1828.95
3600.00;7200.00;3600_to_7200;2;2;112;-5450857#1;0;0;109;8381.70
3600.00;7200.00;3600_to_7200;0;0;0;-5450858#1;0;0;0;0.00
3600.00;7200.00;3600_to_7200;0;0;0;-5451797;0;0;0;0.00
3600.00;7200.00;3600_to_7200;0;0;0;-5451917#2;0;0;0;0.00
3600.00;7200.00;3600_to_7200;0;0;0;-555922918#4;0;0;0;0.00
3600.00;7200.00;3600_to_7200;4;8;73;-62020321;34;34;76;1324.54
3600.00;7200.00;3600_to_7200;1;9;191;-628755543;0;0;200;1626.06
3600.00;7200.00;3600_to_7200;6;4;344;-628755544#1;0;0;343;9784.86
3600.00;7200.00;3600_to_7200;4;7;341;-628755544#4;0;0;344;2662.18
3600.00;7200.00;3600_to_7200;4;7;328;-628755546#4;0;0;328;4796.33
3600.00;7200.00;3600_to_7200;0;4;10;-628755547#3;0;0;14;328.75
3600.00;7200.00;3600_to_7200;0;5;5;-628755547#6;0;0;10;104.25
3600.00;7200.00;3600_to_7200;5;5;138;-628757206#2;0;0;138;2177.89
3600.00;7200.00;3600_to_7200;1;3;33;-628762073#5;0;0;35;1055.04
3600.00;7200.00;3600_to_7200;0;7;0;-628762074#2;0;0;7;79.20
3600.00;7200.00;3600_to_7200;1;1;5;-628782530;0;0;5;9.87
3600.00;7200.00;3600_to_7200;3;3;33;-643081314#1;0;0;33;62.01
3600.00;7200.00;3600_to_7200;0;0;0;-644462282;0;0;0;0.00
3600.00;7200.00;3600_to_7200;0;0;0;-654207094;0;0;0;0.00
3600.00;7200.00;3600_to_7200;0;0;0;-654207097#1;0;0;0;0.00
3600.00;7200.00;3600_to_7200;0;0;0;-654207098#1;0;0;0;0.00
3600.00;7200.00;3600_to_7200;0;0;0;-654207105#0;0;0;0;0.00
3600.00;7200.00;3600_to_7200;0;0;0;-654207105#1;0;0;0;0.00
3600.00;7200.00;3600_to_7200;0;0;0;-654207105#2;0;0;0;0.00
3600.00;7200.00;3600_to_7200;0;0;0;-654207105#3;0;0;0;0.00
3600.00;7200.00;3600_to_7200;6;0;6;-654207120;0;0;0;3.09
3600.00;7200.00;3600_to_7200;0;10;0;-654207122;0;0;10;24.68
3600.00;7200.00;3600_to_7200;3;0;3;-654207127#1;0;0;0;111.13
3600.00;7200.00;3600_to_7200;2;6;2;-654207127#2;0;0;6;317.87
3600.00;7200.00;3600_to_7200;4;3;12;-654207127#3;0;0;11;111.34
3600.00;7200.00;3600_to_7200;3;2;16;-654207127#4;0;0;15;292.68
3600.00;7200.00;3600_to_7200;4;6;23;-654207127#5;0;0;26;336.02
3600.00;7200.00;3600_to_7200;4;9;4;-654207127#8;0;0;9;441.15
3600.00;7200.00;3600_to_7200;0;0;0;-690208690;0;0;0;0.00
3600.00;7200.00;3600_to_7200;2;3;158;-70724345#1;0;0;161;1981.90
3600.00;7200.00;3600_to_7200;1;3;52;-70724346#1;0;0;52;2197.89
3600.00;7200.00;3600_to_7200;0;4;53;-70724346#3;0;0;52;7042.43
3600.00;7200.00;3600_to_7200;3;2;45;-70724349;0;0;42;1351.31
3600.00;7200.00;3600_to_7200;4;6;30;-7682863#1;0;0;28;7266.72
3600.00;7200.00;3600_to_7200;3;3;34;-7682866#1;0;0;24;12722.02
3600.00;7200.00;3600_to_7200;4;5;33;-7682866#3;0;0;34;155.73
3600.00;7200.00;3600_to_7200;4;7;5;-781650841;0;0;8;111.80
3600.00;7200.00;3600_to_7200;0;5;3;-781742860#0;0;0;6;180.54
3600.00;7200.00;3600_to_7200;0;0;2;-781742860#2;0;0;2;0.00
3600.00;7200.00;3600_to_7200;0;3;147;-781742860#5;0;0;139;14213.29
3600.00;7200.00;3600_to_7200;2;3;166;-781742860#8;0;0;153;41218.23
3600.00;7200.00;3600_to_7200;0;0;0;-786582202;0;0;0;0.00
3600.00;7200.00;3600_to_7200;1;6;3;-803266531#0;0;0;8;33.86
3600.00;7200.00;3600_to_7200;4;3;20;-8139943#1;0;0;20;147.10
3600.00;7200.00;3600_to_7200;2;3;54;-8140188#10;0;0;55;882.48
3600.00;7200.00;3600_to_7200;0;6;49;-8140188#16;0;0;55;1114.61
3600.00;7200.00;3600_to_7200;4;4;26;-8140188#2;0;0;26;275.27
3600.00;7200.00;3600_to_7200;3;6;33;-8140188#4;0;0;36;412.26
3600.00;7200.00;3600_to_7200;3;4;47;-8140188#8;0;0;48;803.62
3600.00;7200.00;3600_to_7200;4;3;36;-8140193#2;0;0;35;734.39
3600.00;7200.00;3600_to_7200;5;3;45;-8140196;0;0;42;524.17
3600.00;7200.00;3600_to_7200;3;6;39;-8140197#2;0;0;41;606.38
3600.00;7200.00;3600_to_7200;0;0;0;-819874583;0;0;0;0.00
3600.00;7200.00;3600_to_7200;2;2;66;-8250527#0;0;0;59;9121.63
3600.00;7200.00;3600_to_7200;3;4;67;-8250527#1;0;0;61;3731.05
3600.00;7200.00;3600_to_7200;1;3;21;-8250533#1;0;0;23;549.18
3600.00;7200.00;3600_to_7200;0;0;0;-826580379;0;0;0;0.00
3600.00;7200.00;3600_to_7200;5;3;157;-829968896#1;0;0;155;222.60
3600.00;7200.00;3600_to_7200;2;1;34;-829968897;0;0;33;140.12
3600.00;7200.00;3600_to_7200;4;5;35;-832487280;0;0;36;347.20
3600.00;7200.00;3600_to_7200;3;9;40;-832629331#1;0;0;30;18032.18
3600.00;7200.00;3600_to_7200;0;0;0;-83629545#0;0;0;0;0.00
3600.00;7200.00;3600_to_7200;0;0;0;-83629545#1;0;0;0;0.00
3600.00;7200.00;3600_to_7200;5;1;20;-8382281#2;0;0;15;692.29
3600.00;7200.00;3600_to_7200;2;3;138;-8382282#1;0;0;135;1832.96
3600.00;7200.00;3600_to_7200;4;3;139;-8382283#2;0;0;132;11297.47
3600.00;7200.00;3600_to_7200;1;7;99;-8382283#3;0;0;103;1770.48
3600.00;7200.00;3600_to_7200;2;4;134;-8382302#0;0;0;136;1648.49
3600.00;7200.00;3600_to_7200;3;5;24;-8382302#1;0;0;26;756.12
3600.00;7200.00;3600_to_7200;1;5;17;-8382305;0;0;21;552.96
3600.00;7200.00;3600_to_7200;0;2;89;-8382358;0;0;86;3824.44
3600.00;7200.00;3600_to_7200;4;3;19;-8382368#2;0;0;18;449.86
3600.00;7200.00;3600_to_7200;2;7;60;-8382391#1;0;0;54;7158.48
3600.00;7200.00;3600_to_7200;1;3;29;-8382393#2;0;0;31;379.23
3600.00;7200.00;3600_to_7200;0;6;5;-8382393#3;0;0;11;206.35
3600.00;7200.00;3600_to_7200;3;1;125;-8382429#1;0;0;102;34666.91
3600.00;7200.00;3600_to_7200;5;0;5;-8382443;0;0;0;111.69
3600.00;7200.00;3600_to_7200;0;4;0;-8382444;0;0;3;309.30
3600.00;7200.00;3600_to_7200;2;4;34;-8382445#1;0;0;31;8679.28
3600.00;7200.00;3600_to_7200;2;4;34;-8382445#2;0;0;29;6988.95
3600.00;7200.00;3600_to_7200;1;4;153;-8382447#1;0;0;157;340.66
3600.00;7200.00;3600_to_7200;2;4;142;-8382447#4;0;0;145;2064.74
3600.00;7200.00;3600_to_7200;6;10;32;-8384914;0;0;36;484.02
3600.00;7200.00;3600_to_7200;0;2;89;-8384930#1;0;0;65;73788.66
3600.00;7200.00;3600_to_7200;2;8;47;-8385415#0;0;0;53;57.54
3600.00;7200.00;3600_to_7200;3;4;57;-8385415#3;0;0;59;2989.94
3600.00;7200.00;3600_to_7200;2;1;5;-87286857;0;0;4;15.29
3600.00;7200.00;3600_to_7200;2;4;24;-875772621#1;0;0;26;1249.70
3600.00;7200.00;3600_to_7200;0;0;1;-900443644#2;0;0;1;0.00
3600.00;7200.00;3600_to_7200;0;8;3;-9387033#3;0;0;12;376.84
3600.00;7200.00;3600_to_7200;0;0;0;-947381462;0;0;0;0.00
3600.00;7200.00;3600_to_7200;4;8;12;-95742119#1;0;0;16;392.65
3600.00;7200.00;3600_to_7200;0;7;2;-96016135;0;0;9;37.62
3600.00;7200.00;3600_to_7200;0;7;0;-96018881#4;0;0;7;1315.66
3600.00;7200.00;3600_to_7200;3;3;180;-960773147;0;0;179;1365.42
3600.00;7200.00;3600_to_7200;0;0;0;-998997383;0;0;0;0.00
3600.00;7200.00;3600_to_7200;0;0;0;-998997384#2;0;0;0;0.00
3600.00;7200.00;3600_to_7200;0;0;0;-999084929;0;0;0;0.00
3600.00;7200.00;3600_to_7200;0;0;0;-999084931#0;0;0;0;0.00
3600.00;7200.00;3600_to_7200;0;0;0;-999084931#1;0;0;0;0.00
3600.00;7200.00;3600_to_7200;0;0;0;1000933268;0;0;0;0.00
3600.00;7200.00;3600_to_7200;0;0;0;1006106056#0;0;0;0;0.00
3600.00;7200.00;3600_to_7200;0;0;0;1006106056#1;0;0;0;0.00
3600.00;7200.00;3600_to_7200;0;1;43;1024105863;0;0;41;6205.31
3600.00;7200.00;3600_to_7200;5;7;10;1037986847;0;0;12;18.55
3600.00;7200.00;3600_to_7200;1;9;73;1041085657#0;0;0;81;1437.85
3600.00;7200.00;3600_to_7200;2;9;51;1053478468#0;0;0;59;8857.83
3600.00;7200.00;3600_to_7200;4;2;84;1053478469#0;0;0;76;7359.05
3600.00;7200.00;3600_to_7200;0;8;44;1053478469#1;0;0;52;3814.66
3600.00;7200.00;3600_to_7200;0;4;138;1053478470;0;0;138;13433.20
3600.00;7200.00;3600_to_7200;2;5;25;1053478471;0;0;21;12870.39
3600.00;7200.00;3600_to_7200;1;2;15;1053478472#0;0;0;16;16.45
3600.00;7200.00;3600_to_7200;0;5;25;1053478472#1;0;0;23;4680.32
3600.00;7200.00;3600_to_7200;0;0;0;1056901981#0;0;0;0;0.00
3600.00;7200.00;3600_to_7200;0;0;0;1058267556#1;0;0;0;0.00
3600.00;7200.00;3600_to_7200;0;0;0;1058268367;0;0;0;0.00
3600.00;7200.00;3600_to_7200;0;0;0;1062952936;0;0;0;0.00
3600.00;7200.00;3600_to_7200;2;4;238;1066431524#0;38;38;242;20365.84
3600.00;7200.00;3600_to_7200;3;1;70;1066431525;0;0;57;10454.56
3600.00;7200.00;3600_to_7200;4;9;20;1066438511#0;0;0;25;295.96
3600.00;7200.00;3600_to_7200;1;3;14;107118812;0;0;16;283.60
3600.00;7200.00;3600_to_7200;3;2;18;1080960154#0;0;0;15;2278.96
3600.00;7200.00;3600_to_7200;11;0;11;1083809476#0;0;0;0;112.39
3600.00;7200.00;3600_to_7200;1;4;365;1089552776#1;0;0;362;8367.76
3600.00;7200.00;3600_to_7200;0;0;0;1089556862;0;0;0;0.00
3600.00;7200.00;3600_to_7200;0;5;124;1091652283;30;30;128;1500.20
3600.00;7200.00;3600_to_7200;2;3;217;1091652430;3;3;216;926.34
3600.00;7200.00;3600_to_7200;0;0;0;1092037414;0;0;0;0.00
3600.00;7200.00;3600_to_7200;0;0;0;1092277111#0;0;0;0;0.00
3600.00;7200.00;3600_to_7200;0;0;0;1092277111#1;0;0;0;0.00
3600.00;7200.00;3600_to_7200;0;0;0;1092277114#0;0;0;0;0.00
3600.00;7200.00;3600_to_7200;0;0;0;1092277114#1;0;0;0;0.00
3600.00;7200.00;3600_to_7200;1;3;117;109398805;0;0;122;2212.57
3600.00;7200.00;3600_to_7200;5;6;33;1098324353;0;0;34;38.43
3600.00;7200.00;3600_to_7200;4;9;67;1098324354;0;0;72;80.20
3600.00;7200.00;3600_to_7200;5;4;42;1098324355;0;0;41;38.78
3600.00;7200.00;3600_to_7200;0;0;0;1099375862;0;0;0;0.00
3600.00;7200.00;3600_to_7200;0;9;0;109993439;0;0;9;45.74
3600.00;7200.00;3600_to_7200;0;0;0;1104041094;0;0;0;0.00
3600.00;7200.00;3600_to_7200;2;5;5;1106583870;0;0;8;130.46
3600.00;7200.00;3600_to_7200;0;0;0;1109746214;0;0;0;0.00
3600.00;7200.00;3600_to_7200;0;0;0;1109746215;0;0;0;0.00
3600.00;7200.00;3600_to_7200;3;6;30;1111106315;0;0;33;443.74
3600.00;7200.00;3600_to_7200;2;3;15;1111110395;0;0;15;240.56
3600.00;7200.00;3600_to_7200;0;0;0;1112471208;0;0;0;0.00
3600.00;7200.00;3600_to_7200;3;1;19;111691945;0;0;17;86.24
3600.00;7200.00;3600_to_7200;0;0;0;1127569558;0;0;0;0.00
3600.00;7200.00;3600_to_7200;0;0;0;1127569559;0;0;0;0.00
3600.00;7200.00;3600_to_7200;0;0;0;1127569560;0;0;0;0.00
3600.00;7200.00;3600_to_7200;2;1;189;11294375#0;0;0;189;1833.26
3600.00;7200.00;3600_to_7200;2;2;190;11294375#2;0;0;191;2493.96
3600.00;7200.00;3600_to_7200;2;4;185;11294375#3;0;0;189;1724.44
3600.00;7200.00;3600_to_7200;0;0;0;1143919179#0;0;0;0;0.00
3600.00;7200.00;3600_to_7200;0;0;0;1143919182;0;0;0;0.00
3600.00;7200.00;3600_to_7200;4;4;71;1150906866;0;0;65;1785.72
3600.00;7200.00;3600_to_7200;0;13;17;1153265597#0;0;0;30;752.27
3600.00;7200.00;3600_to_7200;3;0;3;1156101769#0;0;0;0;69.90
3600.00;7200.00;3600_to_7200;6;1;176;1156329248;0;0;172;1164.88
3600.00;7200.00;3600_to_7200;2;4;15;1156329250;0;0;17;65.21
3600.00;7200.00;3600_to_7200;1;2;231;1156337042;0;0;230;13388.11
3600.00;7200.00;3600_to_7200;4;4;54;1162840696#0;0;0;54;127.04
3600.00;7200.00;3600_to_7200;2;7;10;1162841664#0;0;0;15;113.76
3600.00;7200.00;3600_to_7200;3;3;16;1167764376;0;0;15;414.66
3600.00;7200.00;3600_to_7200;2;3;241;1168195444#0;149;149;219;45557.10
3600.00;7200.00;3600_to_7200;2;1;123;117055114;0;0;117;16512.79
3600.00;7200.00;3600_to_7200;4;5;83;117055115;0;0;84;148.91
3600.00;7200.00;3600_to_7200;6;0;40;1174387985#0;0;0;34;75.40
3600.00;7200.00;3600_to_7200;6;0;35;1174387985#1;0;0;29;25.07
3600.00;7200.00;3600_to_7200;1;0;24;1174387986;0;0;23;16.90
3600.00;7200.00;3600_to_7200;3;1;50;1174387992;0;0;48;67.91
3600.00;7200.00;3600_to_7200;0;0;0;1174838574;0;0;0;0.00
3600.00;7200.00;3600_to_7200;0;0;0;1189500284;0;0;0;0.00
3600.00;7200.00;3600_to_7200;5;0;5;119180322;0;0;0;75.52
3600.00;7200.00;3600_to_7200;1;7;117;119180342#0;5;5;124;735.76
3600.00;7200.00;3600_to_7200;4;4;30;1193930026;0;0;29;106.41
3600.00;7200.00;3600_to_7200;1;0;8;1196782590#0;0;0;7;19.33
3600.00;7200.00;3600_to_7200;2;0;7;1196782590#3;0;0;5;3.39
3600.00;7200.00;3600_to_7200;0;0;0;1198622058;0;0;0;0.00
3600.00;7200.00;3600_to_7200;0;0;0;1198622059;0;0;0;0.00
3600.00;7200.00;3600_to_7200;6;9;15;1198625656;0;0;18;338.72
3600.00;7200.00;3600_to_7200;2;5;131;1198625658;0;0;135;2788.54
3600.00;7200.00;3600_to_7200;2;5;102;121794822#0;0;0;108;5284.31
3600.00;7200.00;3600_to_7200;0;2;39;121794822#3;0;0;40;342.57
3600.00;7200.00;3600_to_7200;0;1;28;121794822#5;0;0;29;347.36
3600.00;7200.00;3600_to_7200;1;7;19;121794822#6;0;0;25;177.38
3600.00;7200.00;3600_to_7200;5;4;14;121794822#8;0;0;13;107.53
3600.00;7200.00;3600_to_7200;5;0;5;121794824;0;0;0;183.10
3600.00;7200.00;3600_to_7200;3;8;27;121794825#0;0;0;33;308.90
3600.00;7200.00;3600_to_7200;2;8;17;121794825#1;0;0;23;532.30
3600.00;7200.00;3600_to_7200;6;0;6;121794825#3;0;0;0;15.95
3600.00;7200.00;3600_to_7200;4;8;19;121794826;0;0;23;880.09
3600.00;7200.00;3600_to_7200;3;5;4;121794827;0;0;6;289.58
3600.00;7200.00;3600_to_7200;0;0;144;1235594465;10;10;134;2694.00
3600.00;7200.00;3600_to_7200;0;0;0;1236138841;0;0;0;0.00
3600.00;7200.00;3600_to_7200;0;0;0;1236138843;0;0;0;0.00
3600.00;7200.00;3600_to_7200;0;0;0;1236456853#0;0;0;0;0.00
3600.00;7200.00;3600_to_7200;0;0;0;1238081827;0;0;0;0.00
3600.00;7200.00;3600_to_7200;0;0;0;1239207126;0;0;0;0.00
3600.00;7200.00;3600_to_7200;0;0;0;1239219871;0;0;0;0.00
3600.00;7200.00;3600_to_7200;0;0;0;1245256709;0;0;0;0.00
3600.00;7200.00;3600_to_7200;0;0;0;1245258622;0;0;0;0.00
3600.00;7200.00;3600_to_7200;3;3;13;124862953;0;0;13;13.56
3600.00;7200.00;3600_to_7200;9;0;9;124862958#0;0;0;0;53.97
3600.00;7200.00;3600_to_7200;5;2;14;124862960;0;0;11;40.89
3600.00;7200.00;3600_to_7200;3;0;16;124862962;0;0;13;95.79
3600.00;7200.00;3600_to_7200;13;0;13;124862963#0;0;0;0;92.90
3600.00;7200.00;3600_to_7200;0;13;0;1263793722#0;0;0;11;2150.78
3600.00;7200.00;3600_to_7200;1;2;28;1263793723;0;0;26;7169.92
3600.00;7200.00;3600_to_7200;2;3;7;1263954923;0;0;8;1619.58
3600.00;7200.00;3600_to_7200;0;4;28;1263954924;0;0;32;1450.78
3600.00;7200.00;3600_to_7200;4;2;160;1263955158#0;0;0;150;21956.02
3600.00;7200.00;3600_to_7200;1;5;149;1263955158#1;0;0;150;7340.17
3600.00;7200.00;3600_to_7200;1;3;219;1264281862;90;90;204;23324.58
3600.00;7200.00;3600_to_7200;3;7;93;1264687285;0;0;97;85.71
3600.00;7200.00;3600_to_7200;2;8;30;1267194155#0;0;0;31;5030.37
3600.00;7200.00;3600_to_7200;3;3;143;1287393211#0;0;0;130;29714.53
3600.00;7200.00;3600_to_7200;0;0;136;1287393211#3;0;0;125;48932.27
3600.00;7200.00;3600_to_7200;1;1;140;1287393212#0;0;0;130;43677.76
3600.00;7200.00;3600_to_7200;0;3;10;1298817713;0;0;13;276.81
3600.00;7200.00;3600_to_7200;2;3;159;1298952887;0;0;161;1512.37
3600.00;7200.00;3600_to_7200;0;0;0;1305384087;0;0;0;0.00
3600.00;7200.00;3600_to_7200;0;0;0;1305393688;0;0;0;0.00
3600.00;7200.00;3600_to_7200;0;8;21;1307684785#0;0;0;30;363.01
3600.00;7200.00;3600_to_7200;4;6;25;1307684785#1;0;0;27;123.10
3600.00;7200.00;3600_to_7200;1;1;108;1307684786#0;0;0;101;8417.44
3600.00;7200.00;3600_to_7200;0;2;5;1307687510;0;0;7;63.72
3600.00;7200.00;3600_to_7200;1;9;11;1308361365;0;0;19;97.62
3600.00;7200.00;3600_to_7200;2;5;19;1308361545#0;0;0;23;133.92
3600.00;7200.00;3600_to_7200;0;0;0;131916344;0;0;0;0.00
3600.00;7200.00;3600_to_7200;0;0;0;131916347#0;0;0;0;0.00
3600.00;7200.00;3600_to_7200;0;0;0;131916347#2;0;0;0;0.00
3600.00;7200.00;3600_to_7200;0;0;0;131916347#3;0;0;0;0.00
3600.00;7200.00;3600_to_7200;0;0;0;131916347#4;0;0;0;0.00
3600.00;7200.00;3600_to_7200;0;0;0;131916347#5;0;0;0;0.00
3600.00;7200.00;3600_to_7200;0;0;0;131916348#0;0;0;0;0.00
3600.00;7200.00;3600_to_7200;0;0;0;131954303;0;0;0;0.00
3600.00;7200.00;3600_to_7200;0;0;0;132043932;0;0;0;0.00
3600.00;7200.00;3600_to_7200;0;0;0;132043933;0;0;0;0.00
3600.00;7200.00;3600_to_7200;0;0;0;132043934#0;0;0;0;0.00
3600.00;7200.00;3600_to_7200;0;0;0;132043934#1;0;0;0;0.00
3600.00;7200.00;3600_to_7200;4;7;24;132148870#2;0;0;27;100.35
3600.00;7200.00;3600_to_7200;2;5;39;132148870#3;0;0;40;1580.59
3600.00;7200.00;3600_to_7200;4;8;6;132148873;0;0;10;527.43
3600.00;7200.00;3600_to_7200;0;0;0;132376876;0;0;0;0.00
3600.00;7200.00;3600_to_7200;0;0;0;132453746;0;0;0;0.00
3600.00;7200.00;3600_to_7200;0;0;0;132453750#0;0;0;0;0.00
3600.00;7200.00;3600_to_7200;0;0;0;132453751;0;0;0;0.00
3600.00;7200.00;3600_to_7200;0;0;0;132453755;0;0;0;0.00
3600.00;7200.00;3600_to_7200;0;0;0;132453757;0;0;0;0.00
3600.00;7200.00;3600_to_7200;0;0;0;132453762;0;0;0;0.00
3600.00;7200.00;3600_to_7200;6;3;45;13430690#0;0;0;43;631.51
3600.00;7200.00;3600_to_7200;3;2;113;135300821#0;10;10;112;1321.89
3600.00;7200.00;3600_to_7200;2;2;8;135302385#0;0;0;8;20.80
3600.00;7200.00;3600_to_7200;3;3;301;13548014;0;0;275;28121.38
3600.00;7200.00;3600_to_7200;0;0;0;13548482#0;0;0;0;0.00
3600.00;7200.00;3600_to_7200;0;0;0;13548482#1;0;0;0;0.00
3600.00;7200.00;3600_to_7200;0;0;0;135896056;0;0;0;0.00
3600.00;7200.00;3600_to_7200;0;0;0;135896058;0;0;0;0.00
3600.00;7200.00;3600_to_7200;3;3;116;136174723;0;0;116;1961.66
3600.00;7200.00;3600_to_7200;1;2;238;13654337;61;61;238;6159.47
3600.00;7200.00;3600_to_7200;4;1;191;13654338;17;17;174;17893.11
3600.00;7200.00;3600_to_7200;2;3;137;13654453;0;0;137;11014.20
3600.00;7200.00;3600_to_7200;3;3;237;13654454;25;25;238;1151.43
3600.00;7200.00;3600_to_7200;0;0;0;137118869;0;0;0;0.00
3600.00;7200.00;3600_to_7200;1;3;108;137238867#0;0;0;96;6219.09
3600.00;7200.00;3600_to_7200;2;4;2;137238867#2;0;0;3;162.30
3600.00;7200.00;3600_to_7200;2;3;86;137238867#3;0;0;84;3060.29
3600.00;7200.00;3600_to_7200;1;6;114;137241321;0;0;116;921.92
3600.00;7200.00;3600_to_7200;0;0;0;137419461#0;0;0;0;0.00
3600.00;7200.00;3600_to_7200;0;0;0;137419461#1;0;0;0;0.00
3600.00;7200.00;3600_to_7200;0;0;0;137419461#2;0;0;0;0.00
3600.00;7200.00;3600_to_7200;0;0;0;137634033;0;0;0;0.00
3600.00;7200.00;3600_to_7200;0;6;0;13764245#0;0;0;6;191.80
3600.00;7200.00;3600_to_7200;4;0;4;13764247#0;0;0;0;77.50
3600.00;7200.00;3600_to_7200;1;8;173;13764389;0;0;180;208.26
3600.00;7200.00;3600_to_7200;3;5;64;137848161;0;0;66;1459.89
3600.00;7200.00;3600_to_7200;3;6;182;13853655#1;0;0;186;604.71
3600.00;7200.00;3600_to_7200;6;3;147;13853655#2;0;0;141;2146.56
3600.00;7200.00;3600_to_7200;0;0;0;13853657;0;0;0;0.00
3600.00;7200.00;3600_to_7200;3;2;62;13853658;0;0;62;708.71
3600.00;7200.00;3600_to_7200;2;4;160;13853659#0;0;0;157;7380.06
3600.00;7200.00;3600_to_7200;5;5;157;13853659#1;0;0;153;5059.71
3600.00;7200.00;3600_to_7200;4;6;15;13853661#0;0;0;17;372.28
3600.00;7200.00;3600_to_7200;6;2;22;13853661#2;0;0;18;278.71
3600.00;7200.00;3600_to_7200;0;0;0;138717593#0;0;0;0;0.00
3600.00;7200.00;3600_to_7200;0;0;0;138717593#1;0;0;0;0.00
3600.00;7200.00;3600_to_7200;0;0;0;138748684;0;0;0;0.00
3600.00;7200.00;3600_to_7200;0;0;0;138748689;0;0;0;0.00
3600.00;7200.00;3600_to_7200;4;2;84;14108346;0;0;82;117.45
3600.00;7200.00;3600_to_7200;7;4;371;14108392;0;0;367;529.99
3600.00;7200.00;3600_to_7200;0;0;40;14118780#0;0;0;40;30.16
3600.00;7200.00;3600_to_7200;0;0;148;14118780#1;0;0;148;112.50
3600.00;7200.00;3600_to_7200;0;0;155;14118780#2;0;0;155;112.21
3600.00;7200.00;3600_to_7200;0;0;184;14118780#3;0;0;184;142.19
3600.00;7200.00;3600_to_7200;0;0;173;14118780#4;0;0;173;230.88
3600.00;7200.00;3600_to_7200;0;0;34;14118780#5;0;0;34;33.38
3600.00;7200.00;3600_to_7200;5;4;8;14118783;0;0;7;214.51
3600.00;7200.00;3600_to_7200;3;2;36;14118784#0;0;0;22;9990.15
3600.00;7200.00;3600_to_7200;3;6;24;14118784#1;0;0;21;7148.08
3600.00;7200.00;3600_to_7200;6;5;11;14118785#0;0;0;10;128.26
3600.00;7200.00;3600_to_7200;6;7;26;14118785#1;0;0;27;529.90
3600.00;7200.00;3600_to_7200;4;0;12;14362916#0;0;0;8;138.76
3600.00;7200.00;3600_to_7200;11;0;11;14362919#0;0;0;0;87.67
3600.00;7200.00;3600_to_7200;3;5;47;14471542#1;0;0;49;45.14
3600.00;7200.00;3600_to_7200;2;5;53;14471542#11;0;0;53;3209.93
3600.00;7200.00;3600_to_7200;3;9;53;14471542#12;0;0;58;1015.85
3600.00;7200.00;3600_to_7200;5;4;44;14471542#2;0;0;43;537.35
3600.00;7200.00;3600_to_7200;3;5;43;14471542#3;0;0;45;425.45
3600.00;7200.00;3600_to_7200;2;0;45;14471542#4;0;0;44;193.88
3600.00;7200.00;3600_to_7200;3;3;44;14471542#5;0;0;44;42.85
3600.00;7200.00;3600_to_7200;2;10;44;14471542#6;0;0;52;115.14
3600.00;7200.00;3600_to_7200;3;2;52;14471542#8;0;0;52;397.70
3600.00;7200.00;3600_to_7200;2;7;52;14471542#9;0;0;53;1550.47
3600.00;7200.00;3600_to_7200;0;8;0;14473580;0;0;8;288.63
3600.00;7200.00;3600_to_7200;0;0;0;14475193#0;0;0;0;0.00
3600.00;7200.00;3600_to_7200;3;5;4;145550723;0;0;6;288.64
3600.00;7200.00;3600_to_7200;3;0;3;145550725#0;0;0;0;117.06
3600.00;7200.00;3600_to_7200;3;4;3;14626329#0;0;0;4;134.05
3600.00;7200.00;3600_to_7200;2;0;42;14626330#0;0;0;40;210.13
3600.00;7200.00;3600_to_7200;2;0;3;14626331;0;0;1;32.40
3600.00;7200.00;3600_to_7200;6;6;27;14626335#0;0;0;27;279.56
3600.00;7200.00;3600_to_7200;3;2;6;14626335#4;0;0;5;53.68
3600.00;7200.00;3600_to_7200;1;8;86;14858640;0;0;93;330.00
3600.00;7200.00;3600_to_7200;3;6;217;14858642#0;1;1;220;96.78
3600.00;7200.00;3600_to_7200;6;4;313;14858642#1;67;67;313;5471.45
3600.00;7200.00;3600_to_7200;3;5;185;14858643#0;4;4;187;380.18
3600.00;7200.00;3600_to_7200;0;8;0;14858868;0;0;8;91.16
3600.00;7200.00;3600_to_7200;4;2;14;150275971;0;0;12;44.27
3600.00;7200.00;3600_to_7200;0;9;0;150275973#0;0;0;9;132.55
3600.00;7200.00;3600_to_7200;1;5;7;150275980#0;0;0;11;154.96
3600.00;7200.00;3600_to_7200;3;5;88;150275984#1;0;0;87;1527.75
3600.00;7200.00;3600_to_7200;2;6;87;150275984#2;0;0;90;649.49
3600.00;7200.00;3600_to_7200;2;2;90;150275984#3;0;0;88;1959.73
3600.00;7200.00;3600_to_7200;2;0;88;150275984#4;0;0;82;3171.06
3600.00;7200.00;3600_to_7200;4;6;84;150275984#5;0;0;76;10075.72
3600.00;7200.00;3600_to_7200;0;12;0;150275985#0;0;0;12;110.44
3600.00;7200.00;3600_to_7200;2;6;33;150275986#0;0;0;36;712.27
3600.00;7200.00;3600_to_7200;3;5;75;150275986#2;0;0;77;509.87
3600.00;7200.00;3600_to_7200;3;7;77;150275986#3;0;0;81;203.65
3600.00;7200.00;3600_to_7200;4;4;81;150275986#4;0;0;81;73.05
3600.00;7200.00;3600_to_7200;3;11;83;150275986#5;0;0;88;1392.32
3600.00;7200.00;3600_to_7200;4;2;57;150275988#0;0;0;55;848.09
3600.00;7200.00;3600_to_7200;3;3;55;150275988#3;0;0;55;211.74
3600.00;7200.00;3600_to_7200;4;3;55;150275988#5;0;0;54;720.26
3600.00;7200.00;3600_to_7200;3;2;14;150275991#0;0;0;13;70.20
3600.00;7200.00;3600_to_7200;2;4;18;150275991#1;0;0;20;1068.12
3600.00;7200.00;3600_to_7200;2;0;155;150275992#0;0;0;146;41430.24
3600.00;7200.00;3600_to_7200;2;2;228;150275995#0;0;0;216;9922.94
3600.00;7200.00;3600_to_7200;4;1;270;150275999#0;0;0;258;40745.65
3600.00;7200.00;3600_to_7200;3;3;30;150276002;0;0;30;167.66
3600.00;7200.00;3600_to_7200;1;1;4;150276003#0;0;0;4;68.17
3600.00;7200.00;3600_to_7200;2;6;4;150276003#2;0;0;8;276.38
3600.00;7200.00;3600_to_7200;0;0;0;150276011#0;0;0;0;0.00
3600.00;7200.00;3600_to_7200;6;6;16;150276013#0;0;0;16;446.93
3600.00;7200.00;3600_to_7200;3;6;19;150276013#1;0;0;21;1157.94
3600.00;7200.00;3600_to_7200;0;8;65;150276015#0;0;0;74;2058.19
3600.00;7200.00;3600_to_7200;0;5;250;15089551;0;0;254;1996.34
3600.00;7200.00;3600_to_7200;0;1;294;15089643;0;0;295;1164.61
3600.00;7200.00;3600_to_7200;1;3;3;155433040#0;0;0;5;148.44
3600.00;7200.00;3600_to_7200;3;6;27;155433041;0;0;31;1036.93
3600.00;7200.00;3600_to_7200;5;0;5;155472436#0;0;0;0;83.65
3600.00;7200.00;3600_to_7200;2;3;3;158331590;0;0;4;13.54
3600.00;7200.00;3600_to_7200;0;0;0;159038284;0;0;0;0.00
3600.00;7200.00;3600_to_7200;0;2;14;159636082;0;0;16;1918.07
3600.00;7200.00;3600_to_7200;3;1;39;159636083#0;0;0;34;34490.74
3600.00;7200.00;3600_to_7200;0;3;38;159636083#2;0;0;41;1891.98
3600.00;7200.00;3600_to_7200;0;4;46;159636084#0;0;0;49;3442.49
3600.00;7200.00;3600_to_7200;2;2;33;159636084#1;0;0;34;1510.21
3600.00;7200.00;3600_to_7200;2;5;23;159636085#0;0;0;25;2585.12
3600.00;7200.00;3600_to_7200;3;3;35;159636085#1;0;0;35;3302.99
3600.00;7200.00;3600_to_7200;0;0;0;159636087;0;0;0;0.00
3600.00;7200.00;3600_to_7200;0;0;0;159636088#0;0;0;0;0.00
3600.00;7200.00;3600_to_7200;0;0;0;159636088#2;0;0;0;0.00
3600.00;7200.00;3600_to_7200;0;0;0;159636088#3;0;0;0;0.00
3600.00;7200.00;3600_to_7200;4;7;54;16233734#0;0;0;57;746.59
3600.00;7200.00;3600_to_7200;4;4;58;16233735#0;2;2;57;1024.87
3600.00;7200.00;3600_to_7200;0;6;0;162611854#0;0;0;6;57.27
3600.00;7200.00;3600_to_7200;0;7;5;162611854#1;0;0;12;15.89
3600.00;7200.00;3600_to_7200;0;5;33;162611854#2;0;0;38;952.68
3600.00;7200.00;3600_to_7200;2;3;111;17073048#0;6;6;114;1565.45
3600.00;7200.00;3600_to_7200;2;3;112;174272149;0;0;108;7982.85
3600.00;7200.00;3600_to_7200;1;3;74;174272151;0;0;80;4027.51
3600.00;7200.00;3600_to_7200;4;6;25;174272152;0;0;27;128.66
3600.00;7200.00;3600_to_7200;0;2;87;174272153;0;0;86;14153.94
3600.00;7200.00;3600_to_7200;2;5;65;174272154#0;0;0;67;1911.90
3600.00;7200.00;3600_to_7200;1;3;5;175206104;0;0;7;121.68
3600.00;7200.00;3600_to_7200;1;3;7;175206107#0;0;0;9;166.40
3600.00;7200.00;3600_to_7200;0;9;0;175976586#0;0;0;9;151.35
3600.00;7200.00;3600_to_7200;0;5;16;175976586#4;0;0;21;293.11
3600.00;7200.00;3600_to_7200;0;7;21;175976586#6;0;0;28;222.33
3600.00;7200.00;3600_to_7200;1;3;95;17670100#2;0;0;89;2253.21
3600.00;7200.00;3600_to_7200;5;4;156;17670100#5;0;0;155;2123.92
3600.00;7200.00;3600_to_7200;5;2;44;17671153;0;0;41;78.95
3600.00;7200.00;3600_to_7200;2;5;126;180020059#0;0;0;128;1639.97
3600.00;7200.00;3600_to_7200;2;4;153;180020059#2;0;0;154;1042.58
3600.00;7200.00;3600_to_7200;4;2;138;180020059#4;0;0;136;435.94
3600.00;7200.00;3600_to_7200;5;5;53;180022161#0;0;0;54;323.49
3600.00;7200.00;3600_to_7200;0;2;80;180156396#0;0;0;75;15603.38
3600.00;7200.00;3600_to_7200;0;6;155;180156396#3;0;0;158;2180.73
3600.00;7200.00;3600_to_7200;0;3;159;180156396#4;0;0;161;2125.80
3600.00;7200.00;3600_to_7200;1;2;30;180160758#0;0;0;27;5973.12
3600.00;7200.00;3600_to_7200;2;4;112;181218814#0;0;0;78;59850.90
3600.00;7200.00;3600_to_7200;3;6;242;183251547;0;0;244;2440.71
3600.00;7200.00;3600_to_7200;4;5;39;183370113#0;0;0;40;37.93
3600.00;7200.00;3600_to_7200;5;7;40;183370113#2;0;0;42;307.95
3600.00;7200.00;3600_to_7200;3;7;51;183370113#3;0;0;55;585.59
3600.00;7200.00;3600_to_7200;4;6;43;183370113#4;0;0;45;566.86
3600.00;7200.00;3600_to_7200;0;0;0;18657113#0;0;0;0;0.00
3600.00;7200.00;3600_to_7200;4;2;232;198077804#0;52;52;215;12185.14
3600.00;7200.00;3600_to_7200;0;3;257;198077804#4;57;57;238;16788.02
3600.00;7200.00;3600_to_7200;5;7;134;198077805#0;34;34;136;1482.53
3600.00;7200.00;3600_to_7200;6;4;94;198077805#2;12;12;92;881.42
3600.00;7200.00;3600_to_7200;0;1;60;19846377#0;0;0;52;24282.91
3600.00;7200.00;3600_to_7200;2;4;72;19846527#0;0;0;62;14724.41
3600.00;7200.00;3600_to_7200;2;2;98;19846527#1;0;0;84;23355.33
3600.00;7200.00;3600_to_7200;3;1;84;19846527#2;0;0;75;13733.32
3600.00;7200.00;3600_to_7200;1;5;85;21766158;0;0;81;11491.59
3600.00;7200.00;3600_to_7200;3;7;211;220137286#0;0;0;215;3683.42
3600.00;7200.00;3600_to_7200;5;1;214;220137286#1;0;0;210;167.73
3600.00;7200.00;3600_to_7200;2;3;184;220137286#2;0;0;185;574.12
3600.00;7200.00;3600_to_7200;4;8;46;220267104#0;0;0;50;344.88
3600.00;7200.00;3600_to_7200;2;4;43;220267105#0;0;0;45;1357.03
3600.00;7200.00;3600_to_7200;6;3;139;220267105#1;0;0;136;1947.72
3600.00;7200.00;3600_to_7200;2;4;122;220267105#2;0;0;122;1794.53
3600.00;7200.00;3600_to_7200;0;3;112;220267105#3;0;0;115;526.55
3600.00;7200.00;3600_to_7200;2;3;115;220267105#4;0;0;115;891.66
3600.00;7200.00;3600_to_7200;3;0;3;220267106#0;0;0;0;74.02
3600.00;7200.00;3600_to_7200;3;1;9;220267107#0;0;0;7;113.69
3600.00;7200.00;3600_to_7200;2;6;6;220267107#1;0;0;10;598.46
3600.00;7200.00;3600_to_7200;5;3;52;220267108#0;0;0;49;551.63
3600.00;7200.00;3600_to_7200;5;3;36;220267247#0;0;0;34;134.85
3600.00;7200.00;3600_to_7200;2;2;21;220267247#1;0;0;21;97.61
3600.00;7200.00;3600_to_7200;5;2;21;220267247#2;0;0;18;27.49
3600.00;7200.00;3600_to_7200;4;0;18;220267247#3;0;0;14;254.99
3600.00;7200.00;3600_to_7200;0;11;0;23084263#0;0;0;11;139.23
3600.00;7200.00;3600_to_7200;2;8;19;23084263#1;0;0;25;4108.76
3600.00;7200.00;3600_to_7200;2;5;2;23084282;0;0;5;174.32
3600.00;7200.00;3600_to_7200;0;8;0;231475823#0;0;0;7;2168.62
3600.00;7200.00;3600_to_7200;0;7;0;231475826#0;0;0;6;1666.84
3600.00;7200.00;3600_to_7200;5;2;28;231483312;0;0;25;277.74
3600.00;7200.00;3600_to_7200;2;4;2;231483313#0;0;0;4;57.51
3600.00;7200.00;3600_to_7200;0;0;0;231483314;0;0;0;0.00
3600.00;7200.00;3600_to_7200;0;7;0;231483332#0;5;5;7;120.07
3600.00;7200.00;3600_to_7200;4;6;115;231483339#0;0;0;117;2030.86
3600.00;7200.00;3600_to_7200;2;2;255;23179512#0;0;0;255;1620.55
3600.00;7200.00;3600_to_7200;5;8;255;23179512#1;0;0;257;3622.26
3600.00;7200.00;3600_to_7200;1;5;49;231940830#0;0;0;53;1213.14
3600.00;7200.00;3600_to_7200;1;2;14;231945290#0;0;0;15;107.23
3600.00;7200.00;3600_to_7200;2;3;48;231945290#2;0;0;49;541.88
3600.00;7200.00;3600_to_7200;3;3;33;231945290#3;0;0;29;889.65
3600.00;7200.00;3600_to_7200;1;6;126;231945290#4;0;0;131;569.95
3600.00;7200.00;3600_to_7200;2;6;47;231945290#5;0;0;51;561.06
3600.00;7200.00;3600_to_7200;1;6;30;231945290#6;0;0;31;4766.58
3600.00;7200.00;3600_to_7200;0;0;0;23226843;0;0;0;0.00
3600.00;7200.00;3600_to_7200;0;0;0;232541313#0;0;0;0;0.00
3600.00;7200.00;3600_to_7200;0;0;0;232541315#0;0;0;0;0.00
3600.00;7200.00;3600_to_7200;0;0;0;232541316#1;0;0;0;0.00
3600.00;7200.00;3600_to_7200;0;0;0;232541316#2;0;0;0;0.00
3600.00;7200.00;3600_to_7200;5;3;6;235542996#0;3;3;4;154.37
3600.00;7200.00;3600_to_7200;0;0;0;236306864#0;0;0;0;0.00
3600.00;7200.00;3600_to_7200;1;5;220;237344387;0;0;219;7052.67
3600.00;7200.00;3600_to_7200;0;0;0;23912283#0;0;0;0;0.00
3600.00;7200.00;3600_to_7200;0;3;181;239757763;0;0;171;14509.86
3600.00;7200.00;3600_to_7200;3;8;10;239757874#0;0;0;15;376.45
3600.00;7200.00;3600_to_7200;3;3;18;239757874#3;0;0;18;43.85
3600.00;7200.00;3600_to_7200;2;4;32;239889169#0;0;0;33;522.70
3600.00;7200.00;3600_to_7200;2;4;18;239923867#0;0;0;20;3678.94
3600.00;7200.00;3600_to_7200;1;2;3;240549300#0;0;0;4;8.48
3600.00;7200.00;3600_to_7200;3;7;12;240549300#2;0;0;16;1159.18
3600.00;7200.00;3600_to_7200;1;2;71;240549301;0;0;71;5052.81
3600.00;7200.00;3600_to_7200;0;4;35;244422543#0;0;0;39;2220.42
3600.00;7200.00;3600_to_7200;3;0;209;244422544#0;0;0;207;3592.56
3600.00;7200.00;3600_to_7200;0;0;3;244422545;0;0;3;4.09
3600.00;7200.00;3600_to_7200;5;6;66;249386315;0;0;66;992.05
3600.00;7200.00;3600_to_7200;0;10;0;258274083#0;0;0;9;138.60
3600.00;7200.00;3600_to_7200;2;7;7;265113916#0;0;0;11;151.65
3600.00;7200.00;3600_to_7200;1;2;211;265113917#0;0;0;204;15657.95
3600.00;7200.00;3600_to_7200;3;3;111;265117578;0;0;108;2509.04
3600.00;7200.00;3600_to_7200;0;0;0;26555672;0;0;0;0.00
3600.00;7200.00;3600_to_7200;4;3;12;27807643#0;0;0;11;22.78
3600.00;7200.00;3600_to_7200;2;8;5;27882418#0;0;0;11;131.44
3600.00;7200.00;3600_to_7200;3;2;13;27882429#0;0;0;13;297.08
3600.00;7200.00;3600_to_7200;9;0;9;28208884#0;0;0;0;147.37
3600.00;7200.00;3600_to_7200;2;2;17;28275167;0;0;17;137.36
3600.00;7200.00;3600_to_7200;0;0;0;28574666#0;0;0;0;0.00
3600.00;7200.00;3600_to_7200;0;0;3;28575360;0;0;3;0.00
3600.00;7200.00;3600_to_7200;3;5;7;29000804#0;0;0;9;118.53
3600.00;7200.00;3600_to_7200;5;5;22;290172305#0;0;0;22;218.48
3600.00;7200.00;3600_to_7200;4;8;22;290172305#1;0;0;26;665.83
3600.00;7200.00;3600_to_7200;2;6;16;290172673#0;0;0;21;120.53
3600.00;7200.00;3600_to_7200;4;7;175;290174549#0;0;0;171;3888.09
3600.00;7200.00;3600_to_7200;2;4;165;290174549#1;0;0;166;597.16
3600.00;7200.00;3600_to_7200;3;7;27;290174551#0;0;0;25;4929.26
3600.00;7200.00;3600_to_7200;0;5;25;290174551#1;0;0;29;1072.66
3600.00;7200.00;3600_to_7200;0;8;30;29023713#0;0;0;38;1356.42
3600.00;7200.00;3600_to_7200;1;6;31;29023870#0;0;0;35;3861.93
3600.00;7200.00;3600_to_7200;0;0;0;29063062#0;0;0;0;0.00
3600.00;7200.00;3600_to_7200;3;6;12;291949061#0;0;0;15;717.59
3600.00;7200.00;3600_to_7200;0;8;0;30215395#0;0;0;8;114.81
3600.00;7200.00;3600_to_7200;9;0;9;302657565#0;0;0;0;261.94
3600.00;7200.00;3600_to_7200;4;6;24;305670610;0;0;26;51.41
3600.00;7200.00;3600_to_7200;1;5;31;307372337#0;7;7;35;11016.48
3600.00;7200.00;3600_to_7200;0;2;115;307372339#0;0;0;117;9961.72
3600.00;7200.00;3600_to_7200;3;5;13;307954760#0;0;0;15;290.93
3600.00;7200.00;3600_to_7200;5;6;269;308337938;0;0;270;1963.05
3600.00;7200.00;3600_to_7200;0;0;328;308431231#0;0;0;325;2184.04
3600.00;7200.00;3600_to_7200;0;0;339;308431231#1;0;0;339;1871.32
3600.00;7200.00;3600_to_7200;0;0;0;308617262;0;0;0;0.00
3600.00;7200.00;3600_to_7200;2;0;90;31389747;0;0;83;10586.04
3600.00;7200.00;3600_to_7200;3;2;134;31389787;0;0;126;15029.76
3600.00;7200.00;3600_to_7200;1;7;124;31411680#0;0;0;131;1685.12
3600.00;7200.00;3600_to_7200;0;9;3;31411842#0;0;0;12;206.25
3600.00;7200.00;3600_to_7200;0;0;0;31411969;0;0;0;0.00
3600.00;7200.00;3600_to_7200;2;4;3;31412878;0;0;5;238.68
3600.00;7200.00;3600_to_7200;3;4;3;31414790#0;0;0;4;38.94
3600.00;7200.00;3600_to_7200;6;3;396;31427180;4;4;393;266.99
3600.00;7200.00;3600_to_7200;6;0;6;31427215#0;0;0;0;50.30
3600.00;7200.00;3600_to_7200;6;4;504;31427257#0;14;14;500;1054.83
3600.00;7200.00;3600_to_7200;6;4;453;31427257#3;8;8;438;5696.63
3600.00;7200.00;3600_to_7200;4;4;66;31427257#4;1;1;66;124.81
3600.00;7200.00;3600_to_7200;4;4;90;31427257#5;9;9;91;532.60
3600.00;7200.00;3600_to_7200;4;4;91;31427257#6;3;3;91;245.21
3600.00;7200.00;3600_to_7200;3;12;91;31427257#7;8;8;100;306.22
3600.00;7200.00;3600_to_7200;2;3;77;31427257#8;54;54;63;8674.50
3600.00;7200.00;3600_to_7200;2;7;70;31428221#0;0;0;75;1017.63
3600.00;7200.00;3600_to_7200;2;2;128;31431101#0;0;0;132;2622.82
3600.00;7200.00;3600_to_7200;2;9;122;31431101#2;0;0;124;882.77
3600.00;7200.00;3600_to_7200;2;10;124;31431101#3;0;0;127;3571.57
3600.00;7200.00;3600_to_7200;0;3;127;31431101#5;0;0;128;3015.23
3600.00;7200.00;3600_to_7200;3;4;18;31431343#0;0;0;19;164.10
3600.00;7200.00;3600_to_7200;4;9;26;31431544#0;0;0;31;597.54
3600.00;7200.00;3600_to_7200;6;5;17;31431544#3;0;0;16;1202.69
3600.00;7200.00;3600_to_7200;2;5;31;31431544#4;0;0;33;3200.62
3600.00;7200.00;3600_to_7200;1;4;19;31431608;0;0;22;730.45
3600.00;7200.00;3600_to_7200;0;0;158;31432061#0;0;0;158;428.09
3600.00;7200.00;3600_to_7200;0;0;184;31432061#1;0;0;184;451.39
3600.00;7200.00;3600_to_7200;0;0;260;31432061#2;0;0;260;697.80
3600.00;7200.00;3600_to_7200;0;0;0;31432981#0;0;0;0;0.00
3600.00;7200.00;3600_to_7200;2;6;72;31445160#0;0;0;75;1624.46
3600.00;7200.00;3600_to_7200;1;5;51;31445160#1;0;0;43;27151.94
3600.00;7200.00;3600_to_7200;2;10;41;31448934#0;0;0;49;419.49
3600.00;7200.00;3600_to_7200;4;5;42;31448934#1;0;0;44;337.51
3600.00;7200.00;3600_to_7200;3;1;60;31448937#0;0;0;58;664.09
3600.00;7200.00;3600_to_7200;3;7;54;31448937#1;0;0;59;658.72
3600.00;7200.00;3600_to_7200;1;2;77;31449007;0;0;69;11138.89
3600.00;7200.00;3600_to_7200;4;6;96;31449010#0;0;0;94;1289.18
3600.00;7200.00;3600_to_7200;1;1;94;31449010#1;0;0;84;6738.39
3600.00;7200.00;3600_to_7200;3;2;58;31449018;0;0;59;1499.32
3600.00;7200.00;3600_to_7200;2;4;111;31449245;0;0;115;1500.37
3600.00;7200.00;3600_to_7200;6;4;70;31459223#0;0;0;69;2065.22
3600.00;7200.00;3600_to_7200;2;4;37;31512978#0;0;0;39;138.97
3600.00;7200.00;3600_to_7200;3;2;50;31512978#2;0;0;49;85.69
3600.00;7200.00;3600_to_7200;0;0;0;31516327#0;0;0;0;0.00
3600.00;7200.00;3600_to_7200;0;0;0;31516327#1;0;0;0;0.00
3600.00;7200.00;3600_to_7200;2;4;8;31518448#0;0;0;10;256.60
3600.00;7200.00;3600_to_7200;5;6;107;31518959#0;0;0;94;8839.36
3600.00;7200.00;3600_to_7200;3;3;73;31519076#0;0;0;73;386.42
3600.00;7200.00;3600_to_7200;3;5;73;31519076#1;0;0;76;1010.24
3600.00;7200.00;3600_to_7200;7;2;76;31519076#2;0;0;71;1423.18
3600.00;7200.00;3600_to_7200;3;6;291;31520175#0;0;0;289;2870.03
3600.00;7200.00;3600_to_7200;2;3;117;31520176#0;0;0;116;1639.73
3600.00;7200.00;3600_to_7200;2;4;59;32200291;0;0;63;2198.98
3600.00;7200.00;3600_to_7200;0;0;0;32200299;0;0;0;0.00
3600.00;7200.00;3600_to_7200;3;6;23;327412184;0;0;26;515.19
3600.00;7200.00;3600_to_7200;0;0;43;33301531;0;0;43;129.87
3600.00;7200.00;3600_to_7200;1;1;41;33301560#0;0;0;37;8135.42
3600.00;7200.00;3600_to_7200;0;4;1;33301663#0;0;0;5;46.33
3600.00;7200.00;3600_to_7200;0;0;0;33301680#0;0;0;0;0.00
3600.00;7200.00;3600_to_7200;0;5;0;33301688#0;0;0;5;89.39
3600.00;7200.00;3600_to_7200;1;4;137;34065519;0;0;136;4844.81
3600.00;7200.00;3600_to_7200;5;0;5;36786443#0;0;0;0;101.32
3600.00;7200.00;3600_to_7200;0;1;19;36786444#0;0;0;20;148.24
3600.00;7200.00;3600_to_7200;4;7;33;36786445#0;0;0;37;282.53
3600.00;7200.00;3600_to_7200;7;8;430;36801001#1;7;7;431;989.78
3600.00;7200.00;3600_to_7200;0;5;442;36801001#2;8;8;448;1710.31
3600.00;7200.00;3600_to_7200;0;2;6;36801002#0;0;0;8;280.57
3600.00;7200.00;3600_to_7200;2;9;167;36801004#0;48;48;175;1422.46
3600.00;7200.00;3600_to_7200;3;5;153;36801004#1;3;3;155;219.43
3600.00;7200.00;3600_to_7200;1;2;216;36801004#2;41;41;217;825.67
3600.00;7200.00;3600_to_7200;0;11;143;37535329#0;22;22;152;1547.75
3600.00;7200.00;3600_to_7200;0;2;46;37535329#1;5;5;46;3729.54
3600.00;7200.00;3600_to_7200;3;2;45;37535329#2;2;2;33;5212.88
3600.00;7200.00;3600_to_7200;2;8;4;377719664;0;0;9;1592.45
3600.00;7200.00;3600_to_7200;2;5;153;377719665;0;0;149;12781.20
3600.00;7200.00;3600_to_7200;5;0;5;393494867;0;0;0;52.16
3600.00;7200.00;3600_to_7200;0;3;281;393494868;0;0;234;79478.48
3600.00;7200.00;3600_to_7200;1;8;0;395073288#0;0;0;7;152.61
3600.00;7200.00;3600_to_7200;1;4;1;395153043;0;0;4;62.56
3600.00;7200.00;3600_to_7200;0;0;14;395800497#0;0;0;13;1352.53
3600.00;7200.00;3600_to_7200;0;0;144;395800497#2;0;0;144;1073.66
3600.00;7200.00;3600_to_7200;0;0;135;395800498;0;0;134;2390.45
3600.00;7200.00;3600_to_7200;0;0;46;396062728#0;0;0;46;30.66
3600.00;7200.00;3600_to_7200;0;0;46;396062728#1;0;0;46;27.44
3600.00;7200.00;3600_to_7200;0;0;0;396062729;0;0;0;0.00
3600.00;7200.00;3600_to_7200;0;0;0;396062730;0;0;0;0.00
3600.00;7200.00;3600_to_7200;6;6;12;396102064;0;0;12;19.39
3600.00;7200.00;3600_to_7200;0;0;29;39642340;20;20;27;123.35
3600.00;7200.00;3600_to_7200;0;0;0;396636211;0;0;0;0.00
3600.00;7200.00;3600_to_7200;1;5;29;396926515;0;0;33;62.05
3600.00;7200.00;3600_to_7200;4;9;12;396926516#0;0;0;17;65.30
3600.00;7200.00;3600_to_7200;3;2;251;396926518;0;0;250;1081.45
3600.00;7200.00;3600_to_7200;0;0;0;396956282;0;0;0;0.00
3600.00;7200.00;3600_to_7200;4;6;16;399914534#0;0;0;18;240.50
3600.00;7200.00;3600_to_7200;1;2;10;399914535;0;0;11;85.62
3600.00;7200.00;3600_to_7200;5;1;50;399914536#0;0;0;39;13552.86
3600.00;7200.00;3600_to_7200;2;1;139;400062404;0;0;137;426.99
3600.00;7200.00;3600_to_7200;3;3;19;400062406#0;0;0;19;130.12
3600.00;7200.00;3600_to_7200;0;2;94;400062407#0;0;0;93;3508.64
3600.00;7200.00;3600_to_7200;2;6;17;400062408;0;0;21;313.54
3600.00;7200.00;3600_to_7200;4;2;45;400586988#0;0;0;43;41.28
3600.00;7200.00;3600_to_7200;1;5;43;400586988#1;0;0;47;42.78
3600.00;7200.00;3600_to_7200;4;4;47;400586988#2;0;0;47;240.56
3600.00;7200.00;3600_to_7200;0;0;0;400587003;0;0;0;0.00
3600.00;7200.00;3600_to_7200;0;0;0;400587006;0;0;0;0.00
3600.00;7200.00;3600_to_7200;0;0;0;400587008;0;0;0;0.00
3600.00;7200.00;3600_to_7200;0;0;0;400587009;0;0;0;0.00
3600.00;7200.00;3600_to_7200;0;0;0;400587011;0;0;0;0.00
3600.00;7200.00;3600_to_7200;0;0;0;400587013;0;0;0;0.00
3600.00;7200.00;3600_to_7200;0;0;0;400587015;0;0;0;0.00
3600.00;7200.00;3600_to_7200;0;0;0;400587016#0;0;0;0;0.00
3600.00;7200.00;3600_to_7200;0;0;0;400587016#1;0;0;0;0.00
3600.00;7200.00;3600_to_7200;0;0;0;400587017;0;0;0;0.00
3600.00;7200.00;3600_to_7200;0;0;0;400603376#0;0;0;0;0.00
3600.00;7200.00;3600_to_7200;0;0;0;400665639;0;0;0;0.00
3600.00;7200.00;3600_to_7200;0;6;0;400961599#0;0;0;6;58.57
3600.00;7200.00;3600_to_7200;0;0;0;400961616;0;0;0;0.00
3600.00;7200.00;3600_to_7200;0;0;0;400961618;0;0;0;0.00
3600.00;7200.00;3600_to_7200;0;0;0;400961620;0;0;0;0.00
3600.00;7200.00;3600_to_7200;0;0;0;400961623;0;0;0;0.00
3600.00;7200.00;3600_to_7200;6;4;24;400961625#0;0;0;22;85.49
3600.00;7200.00;3600_to_7200;4;3;62;40151775;0;0;61;152.26
3600.00;7200.00;3600_to_7200;1;4;250;40151778;0;0;251;2922.69
3600.00;7200.00;3600_to_7200;5;1;246;40151779#0;0;0;241;595.73
3600.00;7200.00;3600_to_7200;5;6;40;40151780#0;0;0;41;401.81
3600.00;7200.00;3600_to_7200;3;5;136;403882372;5;5;138;187.87
3600.00;7200.00;3600_to_7200;4;6;419;403882373;95;95;422;1360.76
3600.00;7200.00;3600_to_7200;2;4;23;403882374;5;5;26;64.56
3600.00;7200.00;3600_to_7200;0;0;0;40487477#0;0;0;0;0.00
3600.00;7200.00;3600_to_7200;0;0;0;40487768#0;0;0;0;0.00
3600.00;7200.00;3600_to_7200;2;4;213;40487883#0;0;0;215;2370.75
3600.00;7200.00;3600_to_7200;1;2;165;40493384#0;0;0;157;6290.87
3600.00;7200.00;3600_to_7200;2;0;156;40493384#2;0;0;150;3527.03
3600.00;7200.00;3600_to_7200;4;2;149;40493384#3;0;0;138;10784.11
3600.00;7200.00;3600_to_7200;1;4;112;40493385#0;0;0;108;8777.36
3600.00;7200.00;3600_to_7200;1;5;98;40493386#0;0;0;94;21412.58
3600.00;7200.00;3600_to_7200;1;8;23;40493418;0;0;30;385.71
3600.00;7200.00;3600_to_7200;5;2;209;40493501#0;0;0;203;5225.21
3600.00;7200.00;3600_to_7200;2;1;202;40493501#1;0;0;193;11712.00
3600.00;7200.00;3600_to_7200;4;6;192;40493501#2;0;0;191;5123.20
3600.00;7200.00;3600_to_7200;3;3;219;40493501#3;0;0;196;37772.36
3600.00;7200.00;3600_to_7200;3;1;161;40493501#4;0;0;151;12043.87
3600.00;7200.00;3600_to_7200;0;6;157;40493502;0;0;160;6013.33
3600.00;7200.00;3600_to_7200;6;6;36;40493652;0;0;36;227.12
3600.00;7200.00;3600_to_7200;0;9;0;40598675#0;0;0;9;121.65
3600.00;7200.00;3600_to_7200;2;3;17;40598675#3;0;0;18;553.16
3600.00;7200.00;3600_to_7200;1;3;352;40598677#0;0;0;348;10480.46
3600.00;7200.00;3600_to_7200;3;0;26;410939625;0;0;23;153.87
3600.00;7200.00;3600_to_7200;2;4;22;410939626;0;0;24;25.47
3600.00;7200.00;3600_to_7200;1;7;56;410939627;0;0;62;59.07
3600.00;7200.00;3600_to_7200;5;2;77;413722446;2;2;74;59.46
3600.00;7200.00;3600_to_7200;2;5;18;413722450;0;0;21;718.78
3600.00;7200.00;3600_to_7200;0;2;1;413722453#0;0;0;3;97.21
3600.00;7200.00;3600_to_7200;2;1;259;414404581#0;0;0;252;9768.65
3600.00;7200.00;3600_to_7200;1;8;33;419709604#0;21;21;36;2404.78
3600.00;7200.00;3600_to_7200;1;7;40;419709604#1;0;0;45;3211.20
3600.00;7200.00;3600_to_7200;0;0;0;430147229#0;0;0;0;0.00
3600.00;7200.00;3600_to_7200;3;2;33;430855719;0;0;30;3442.46
3600.00;7200.00;3600_to_7200;4;5;50;4312572#0;0;0;51;1503.81
3600.00;7200.00;3600_to_7200;0;0;25;4312634#0;0;0;25;135.51
3600.00;7200.00;3600_to_7200;0;0;20;4312634#1;0;0;20;56.97
3600.00;7200.00;3600_to_7200;2;2;33;4318228#0;0;0;33;1305.66
3600.00;7200.00;3600_to_7200;2;2;6;4318237#0;0;0;6;140.27
3600.00;7200.00;3600_to_7200;6;0;18;4318239#0;0;0;12;491.61
3600.00;7200.00;3600_to_7200;0;0;0;4318240#1;0;0;0;0.00
3600.00;7200.00;3600_to_7200;0;0;0;4318240#2;0;0;0;0.00
3600.00;7200.00;3600_to_7200;5;9;14;4318242#0;0;0;18;279.57
3600.00;7200.00;3600_to_7200;7;0;11;433333438#0;0;0;4;45.60
3600.00;7200.00;3600_to_7200;4;3;63;4392761#0;8;8;62;196.75
3600.00;7200.00;3600_to_7200;5;3;62;4392761#2;11;11;60;113.41
3600.00;7200.00;3600_to_7200;2;5;60;4392761#3;4;4;63;662.42
3600.00;7200.00;3600_to_7200;0;3;106;4392761#5;14;14;109;100.63
3600.00;7200.00;3600_to_7200;0;0;0;43963512#0;0;0;0;0.00
3600.00;7200.00;3600_to_7200;5;6;135;4422176;2;2;135;2044.04
3600.00;7200.00;3600_to_7200;2;3;16;4422177;0;0;17;195.57
3600.00;7200.00;3600_to_7200;0;4;0;4426074#0;0;0;4;460.04
3600.00;7200.00;3600_to_7200;0;9;0;4426075#0;0;0;6;1139.91
3600.00;7200.00;3600_to_7200;0;4;10;4426076#0;0;0;14;77.55
3600.00;7200.00;3600_to_7200;1;4;14;4426076#1;0;0;16;148.25
3600.00;7200.00;3600_to_7200;3;0;13;4441057#1;0;0;10;16.82
3600.00;7200.00;3600_to_7200;2;5;132;4441059#1;0;0;135;186.50
3600.00;7200.00;3600_to_7200;2;6;51;4441061;1;1;56;328.48
3600.00;7200.00;3600_to_7200;1;2;15;4441062;0;0;16;91.91
3600.00;7200.00;3600_to_7200;2;4;56;4441063;0;0;58;509.68
3600.00;7200.00;3600_to_7200;3;2;11;450186403;0;0;10;52.88
3600.00;7200.00;3600_to_7200;1;4;54;450186404;0;0;57;1115.08
3600.00;7200.00;3600_to_7200;1;4;118;450925440;0;0;121;1323.70
3600.00;7200.00;3600_to_7200;5;6;445;4690591#0;21;21;442;4701.33
3600.00;7200.00;3600_to_7200;0;0;38;4690593;0;0;38;64.44
3600.00;7200.00;3600_to_7200;6;0;6;4690638#0;0;0;0;110.71
3600.00;7200.00;3600_to_7200;0;13;0;4690639#0;0;0;13;926.60
3600.00;7200.00;3600_to_7200;5;0;5;4690640#0;3;3;0;126.91
3600.00;7200.00;3600_to_7200;1;6;10;4690691;0;0;13;2137.40
3600.00;7200.00;3600_to_7200;0;2;0;47027406;0;0;2;9.88
3600.00;7200.00;3600_to_7200;1;2;139;47027743#0;0;0;141;5798.87
3600.00;7200.00;3600_to_7200;0;7;0;47027857#0;0;0;6;16.70
3600.00;7200.00;3600_to_7200;3;6;9;4726679#0;0;0;12;326.20
3600.00;7200.00;3600_to_7200;5;4;32;4726679#1;0;0;31;260.41
3600.00;7200.00;3600_to_7200;3;5;31;4726679#2;0;0;33;532.85
3600.00;7200.00;3600_to_7200;3;4;3;4726680;0;0;4;248.57
3600.00;7200.00;3600_to_7200;1;6;141;4726681#0;0;0;148;5292.39
3600.00;7200.00;3600_to_7200;2;5;264;4726681#1;0;0;268;3441.24
3600.00;7200.00;3600_to_7200;2;1;248;4726681#2;0;0;248;3002.37
3600.00;7200.00;3600_to_7200;2;1;244;4726681#3;0;0;243;3522.97
3600.00;7200.00;3600_to_7200;3;4;50;4726684#0;0;0;51;284.66
3600.00;7200.00;3600_to_7200;2;2;262;4726685#0;0;0;262;4858.48
3600.00;7200.00;3600_to_7200;5;9;253;4726685#1;0;0;257;3288.43
3600.00;7200.00;3600_to_7200;2;3;7;4726694#0;0;0;8;274.25
3600.00;7200.00;3600_to_7200;5;6;99;4726694#2;0;0;99;1697.38
3600.00;7200.00;3600_to_7200;3;2;15;4726706#0;0;0;14;495.86
3600.00;7200.00;3600_to_7200;1;3;150;4726706#5;0;0;154;1020.79
3600.00;7200.00;3600_to_7200;5;3;46;4726706#6;0;0;44;888.90
3600.00;7200.00;3600_to_7200;3;1;95;4726710#0;0;0;93;805.12
3600.00;7200.00;3600_to_7200;1;6;93;4726710#1;0;0;98;321.55
3600.00;7200.00;3600_to_7200;2;3;9;4726711#0;0;0;10;221.32
3600.00;7200.00;3600_to_7200;3;4;13;4726711#1;0;0;11;2864.00
3600.00;7200.00;3600_to_7200;0;2;145;4726712#0;0;0;147;2917.30
3600.00;7200.00;3600_to_7200;0;6;115;4726717;20;20;122;3285.26
3600.00;7200.00;3600_to_7200;0;7;0;4726718;0;0;6;384.14
3600.00;7200.00;3600_to_7200;1;2;233;4726737;47;47;212;49361.84
3600.00;7200.00;3600_to_7200;3;5;165;4726786#1;54;54;158;2922.96
3600.00;7200.00;3600_to_7200;0;7;230;4726787#1;22;22;237;1998.56
3600.00;7200.00;3600_to_7200;4;1;122;4730609;78;78;96;28482.36
3600.00;7200.00;3600_to_7200;2;3;235;4730616#0;0;0;236;366.55
3600.00;7200.00;3600_to_7200;5;6;240;4730616#1;0;0;241;193.86
3600.00;7200.00;3600_to_7200;5;5;238;4730616#2;0;0;238;346.89
3600.00;7200.00;3600_to_7200;1;8;16;4730618;0;0;23;629.82
3600.00;7200.00;3600_to_7200;3;5;103;4730619;0;0;105;3123.70
3600.00;7200.00;3600_to_7200;3;7;39;4730620;0;0;43;732.67
3600.00;7200.00;3600_to_7200;4;2;60;4730623;0;0;57;1172.86
3600.00;7200.00;3600_to_7200;2;4;141;4730624;0;0;119;18021.37
3600.00;7200.00;3600_to_7200;3;8;97;4730627#0;0;0;102;1359.49
3600.00;7200.00;3600_to_7200;3;7;5;4730631#0;0;0;9;110.15
3600.00;7200.00;3600_to_7200;3;7;11;4730631#1;0;0;15;209.86
3600.00;7200.00;3600_to_7200;2;1;94;4730633#0;0;0;94;1062.28
3600.00;7200.00;3600_to_7200;2;9;68;4730634#0;0;0;75;1432.39
3600.00;7200.00;3600_to_7200;2;3;44;4730636#0;0;0;45;981.36
3600.00;7200.00;3600_to_7200;1;3;69;4730637#0;0;0;71;817.41
3600.00;7200.00;3600_to_7200;4;4;104;4730637#1;0;0;104;1555.06
3600.00;7200.00;3600_to_7200;2;2;104;4730637#2;0;0;104;627.72
3600.00;7200.00;3600_to_7200;4;4;119;4730637#3;0;0;119;1054.33
3600.00;7200.00;3600_to_7200;4;5;68;4730637#4;0;0;69;1388.21
3600.00;7200.00;3600_to_7200;3;4;20;4730638;0;0;21;264.07
3600.00;7200.00;3600_to_7200;3;5;9;4730644;0;0;11;168.58
3600.00;7200.00;3600_to_7200;3;4;21;4730647#0;0;0;22;401.55
3600.00;7200.00;3600_to_7200;3;5;32;4730647#2;0;0;34;749.49
3600.00;7200.00;3600_to_7200;4;4;25;4730647#3;0;0;25;445.62
3600.00;7200.00;3600_to_7200;1;5;39;4730648#0;0;0;44;580.18
3600.00;7200.00;3600_to_7200;0;2;44;4730648#2;0;0;46;313.48
3600.00;7200.00;3600_to_7200;0;4;39;4730648#3;0;0;43;75.53
3600.00;7200.00;3600_to_7200;4;3;16;4730649;0;0;15;881.54
3600.00;7200.00;3600_to_7200;10;6;80;4730651;0;0;76;1162.00
3600.00;7200.00;3600_to_7200;0;6;26;4730654;0;0;33;923.87
3600.00;7200.00;3600_to_7200;4;0;23;4731082#0;0;0;19;331.87
3600.00;7200.00;3600_to_7200;10;0;10;4731082#1;0;0;0;238.88
3600.00;7200.00;3600_to_7200;1;4;82;47426237#0;0;0;79;6393.65
3600.00;7200.00;3600_to_7200;4;10;15;47426240#0;0;0;15;5299.15
3600.00;7200.00;3600_to_7200;4;2;36;47426241#0;0;0;34;1363.22
3600.00;7200.00;3600_to_7200;0;6;141;47426244#0;0;0;147;736.12
3600.00;7200.00;3600_to_7200;4;5;147;47426244#1;0;0;148;626.69
3600.00;7200.00;3600_to_7200;5;7;148;47426244#2;0;0;150;1918.09
3600.00;7200.00;3600_to_7200;2;4;8;47446166;0;0;10;41.02
3600.00;7200.00;3600_to_7200;6;3;19;47461591#0;0;0;16;20.33
3600.00;7200.00;3600_to_7200;3;4;16;47461591#1;0;0;17;404.52
3600.00;7200.00;3600_to_7200;1;4;66;4760584#0;0;0;70;787.15
3600.00;7200.00;3600_to_7200;4;3;122;47895849#0;0;0;120;824.66
3600.00;7200.00;3600_to_7200;7;8;121;47895849#1;0;0;123;2186.45
3600.00;7200.00;3600_to_7200;5;2;123;47895849#4;0;0;120;1080.22
3600.00;7200.00;3600_to_7200;5;3;105;47896065;0;0;103;1599.23
3600.00;7200.00;3600_to_7200;0;0;245;47999869#0;0;0;245;185.13
3600.00;7200.00;3600_to_7200;0;0;85;47999869#1;0;0;85;63.07
3600.00;7200.00;3600_to_7200;0;0;83;47999869#2;0;0;83;60.91
3600.00;7200.00;3600_to_7200;0;0;86;47999869#3;0;0;86;446.75
3600.00;7200.00;3600_to_7200;3;5;32;47999870;0;0;34;255.77
3600.00;7200.00;3600_to_7200;2;7;7;47999871;0;0;12;327.95
3600.00;7200.00;3600_to_7200;4;1;200;47999872;0;0;199;3382.41
3600.00;7200.00;3600_to_7200;0;0;0;480301021#0;0;0;0;0.00
3600.00;7200.00;3600_to_7200;0;0;0;480301022#0;0;0;0;0.00
3600.00;7200.00;3600_to_7200;0;0;0;480301023#0;0;0;0;0.00
3600.00;7200.00;3600_to_7200;0;0;0;480522774;0;0;0;0.00
3600.00;7200.00;3600_to_7200;0;0;0;480937385;0;0;0;0.00
3600.00;7200.00;3600_to_7200;7;0;7;496872852;0;0;0;138.71
3600.00;7200.00;3600_to_7200;1;8;25;49845715#0;0;0;30;1459.29
3600.00;7200.00;3600_to_7200;0;0;91;507818916;0;0;90;783.79
3600.00;7200.00;3600_to_7200;0;0;132;510481270#0;0;0;129;5319.42
3600.00;7200.00;3600_to_7200;0;6;19;510481273#0;0;0;25;58.29
3600.00;7200.00;3600_to_7200;0;2;25;510481273#1;0;0;26;1403.20
3600.00;7200.00;3600_to_7200;3;6;58;510492454#0;6;6;60;1327.04
3600.00;7200.00;3600_to_7200;7;4;154;510492456#0;0;0;151;3892.97
3600.00;7200.00;3600_to_7200;1;0;6;510692962#0;0;0;5;29.60
3600.00;7200.00;3600_to_7200;0;15;0;510702675#0;0;0;13;4677.82
3600.00;7200.00;3600_to_7200;0;6;94;510702678#1;0;0;99;2482.01
3600.00;7200.00;3600_to_7200;0;1;15;521008026;0;0;13;2797.11
3600.00;7200.00;3600_to_7200;4;2;16;523287555;0;0;14;213.36
3600.00;7200.00;3600_to_7200;6;0;14;523287556;0;0;8;38.03
3600.00;7200.00;3600_to_7200;0;0;0;523773489#0;0;0;0;0.00
3600.00;7200.00;3600_to_7200;2;4;30;524150311#0;0;0;32;87.91
3600.00;7200.00;3600_to_7200;5;6;32;524150311#1;0;0;32;288.66
3600.00;7200.00;3600_to_7200;3;5;116;524150320#0;3;3;118;1902.08
3600.00;7200.00;3600_to_7200;5;6;57;524150333#0;0;0;58;1044.91
3600.00;7200.00;3600_to_7200;4;4;66;524150338#0;0;0;66;345.79
3600.00;7200.00;3600_to_7200;2;6;62;524150342;0;0;66;58.61
3600.00;7200.00;3600_to_7200;3;0;5;524151750#0;0;0;2;82.73
3600.00;7200.00;3600_to_7200;1;3;105;5450857#0;0;0;101;16149.90
3600.00;7200.00;3600_to_7200;2;5;7;5450858#0;0;0;10;190.65
3600.00;7200.00;3600_to_7200;4;3;44;5450860#0;0;0;41;1735.57
3600.00;7200.00;3600_to_7200;1;8;48;5450860#1;0;0;55;700.45
3600.00;7200.00;3600_to_7200;3;4;55;5450860#2;0;0;56;271.48
3600.00;7200.00;3600_to_7200;3;7;56;5450860#3;0;0;61;1526.45
3600.00;7200.00;3600_to_7200;0;0;0;5450861#0;0;0;0;0.00
3600.00;7200.00;3600_to_7200;0;0;0;5450861#3;0;0;0;0.00
3600.00;7200.00;3600_to_7200;0;0;0;5451797;0;0;0;0.00
3600.00;7200.00;3600_to_7200;5;0;5;5451844#0;0;0;0;30.38
3600.00;7200.00;3600_to_7200;4;6;157;5451917#0;0;0;159;461.14
3600.00;7200.00;3600_to_7200;11;6;237;5451918#0;16;16;232;1913.16
3600.00;7200.00;3600_to_7200;4;7;99;552794577#0;0;0;102;814.54
3600.00;7200.00;3600_to_7200;2;4;99;555922918#0;0;0;101;3047.60
3600.00;7200.00;3600_to_7200;3;8;48;567036033;0;0;48;5960.24
3600.00;7200.00;3600_to_7200;6;5;44;567036034;0;0;36;3784.89
3600.00;7200.00;3600_to_7200;0;0;0;572850118;0;0;0;0.00
3600.00;7200.00;3600_to_7200;0;0;0;572850119#0;0;0;0;0.00
3600.00;7200.00;3600_to_7200;0;0;0;572850119#1;0;0;0;0.00
3600.00;7200.00;3600_to_7200;0;0;143;582343661;0;0;142;1301.04
3600.00;7200.00;3600_to_7200;0;0;76;583307354;14;14;76;201.86
3600.00;7200.00;3600_to_7200;0;0;13;583307357;0;0;13;11.24
3600.00;7200.00;3600_to_7200;0;0;153;583307358;92;92;149;4393.44
3600.00;7200.00;3600_to_7200;0;0;0;586134754;0;0;0;0.00
3600.00;7200.00;3600_to_7200;0;7;129;591680761#0;0;0;135;851.68
3600.00;7200.00;3600_to_7200;2;3;135;591680761#1;0;0;132;3997.45
3600.00;7200.00;3600_to_7200;4;3;12;606127853;0;0;11;49.83
3600.00;7200.00;3600_to_7200;3;4;144;606127854#0;0;0;145;871.94
3600.00;7200.00;3600_to_7200;5;5;237;606127855;0;0;237;229.60
3600.00;7200.00;3600_to_7200;5;3;57;606127856;0;0;55;108.64
3600.00;7200.00;3600_to_7200;3;3;15;606502608;0;0;15;18.59
3600.00;7200.00;3600_to_7200;0;5;23;606502609;0;0;28;930.80
3600.00;7200.00;3600_to_7200;3;5;159;610739513#0;0;0;148;37032.62
3600.00;7200.00;3600_to_7200;1;5;61;610739513#1;0;0;65;478.85
3600.00;7200.00;3600_to_7200;2;5;9;616545123;0;0;12;150.10
3600.00;7200.00;3600_to_7200;6;5;24;616545124;0;0;23;1680.38
3600.00;7200.00;3600_to_7200;10;0;10;62017785#0;1;1;0;50.70
3600.00;7200.00;3600_to_7200;3;5;41;62020111;0;0;44;530.44
3600.00;7200.00;3600_to_7200;2;4;101;62020112#1;24;24;103;716.88
3600.00;7200.00;3600_to_7200;1;8;76;62020113#0;11;11;83;495.09
3600.00;7200.00;3600_to_7200;0;14;0;62020114#0;0;0;14;105.58
3600.00;7200.00;3600_to_7200;6;0;6;62020115#0;0;0;0;93.84
3600.00;7200.00;3600_to_7200;0;11;0;62020116#0;1;1;11;82.95
3600.00;7200.00;3600_to_7200;1;2;63;62020117#0;0;0;65;538.76
3600.00;7200.00;3600_to_7200;4;4;41;62020119#0;0;0;41;382.50
3600.00;7200.00;3600_to_7200;2;4;103;62020321;22;22;107;1791.30
3600.00;7200.00;3600_to_7200;10;0;10;625259599;0;0;0;115.93
3600.00;7200.00;3600_to_7200;0;10;0;625259600;0;0;10;332.09
3600.00;7200.00;3600_to_7200;4;7;237;627916936#0;0;0;241;2024.73
3600.00;7200.00;3600_to_7200;4;1;82;627916936#1;0;0;81;1223.78
3600.00;7200.00;3600_to_7200;4;3;237;627916937;0;0;235;2622.74
3600.00;7200.00;3600_to_7200;5;3;214;628755544#2;0;0;213;3150.49
3600.00;7200.00;3600_to_7200;18;6;291;628755546#0;0;0;278;4115.76
3600.00;7200.00;3600_to_7200;0;0;8;628755547#0;0;0;8;157.38
3600.00;7200.00;3600_to_7200;0;5;8;628755547#4;0;0;13;171.73
3600.00;7200.00;3600_to_7200;5;4;37;628757206#0;1;1;36;646.59
3600.00;7200.00;3600_to_7200;4;5;115;628762073#0;0;0;116;3271.50
3600.00;7200.00;3600_to_7200;2;0;2;628762074#0;0;0;0;11.75
3600.00;7200.00;3600_to_7200;1;10;15;628781004#0;0;0;21;3729.51
3600.00;7200.00;3600_to_7200;2;4;23;628781006#1;0;0;22;6715.74
3600.00;7200.00;3600_to_7200;3;5;35;628781006#2;0;0;36;3616.67
3600.00;7200.00;3600_to_7200;2;0;121;628781006#3;0;0;114;8640.14
3600.00;7200.00;3600_to_7200;1;6;75;628781006#4;0;0;71;17882.99
3600.00;7200.00;3600_to_7200;1;4;102;628781006#6;0;0;104;2468.78
3600.00;7200.00;3600_to_7200;3;7;94;628781006#7;0;0;89;18374.49
3600.00;7200.00;3600_to_7200;2;7;57;628782529#0;0;0;58;38117.78
3600.00;7200.00;3600_to_7200;1;2;67;628782529#4;0;0;79;3500.81
3600.00;7200.00;3600_to_7200;3;3;8;628782529#6;0;0;8;120.53
3600.00;7200.00;3600_to_7200;0;6;9;628782529#7;0;0;14;1176.92
3600.00;7200.00;3600_to_7200;1;5;80;628782530;0;0;84;442.84
3600.00;7200.00;3600_to_7200;3;2;8;628782531;0;0;7;24.45
3600.00;7200.00;3600_to_7200;0;8;43;633077911;0;0;51;184.36
3600.00;7200.00;3600_to_7200;0;0;0;633086666;0;0;0;0.00
3600.00;7200.00;3600_to_7200;0;0;0;634009486;0;0;0;0.00
3600.00;7200.00;3600_to_7200;0;0;0;635577270;0;0;0;0.00
3600.00;7200.00;3600_to_7200;0;0;0;637591935;0;0;0;0.00
3600.00;7200.00;3600_to_7200;3;3;83;643081314#0;0;0;82;1141.58
3600.00;7200.00;3600_to_7200;1;6;11;643082467;0;0;16;46.72
3600.00;7200.00;3600_to_7200;0;10;5;653443701;0;0;15;171.38
3600.00;7200.00;3600_to_7200;0;0;0;654207094;0;0;0;0.00
3600.00;7200.00;3600_to_7200;0;0;0;654207097#0;0;0;0;0.00
3600.00;7200.00;3600_to_7200;0;0;0;654207098#0;0;0;0;0.00
3600.00;7200.00;3600_to_7200;0;0;0;654207105#1;0;0;0;0.00
3600.00;7200.00;3600_to_7200;0;0;0;654207105#2;0;0;0;0.00
3600.00;7200.00;3600_to_7200;0;0;0;654207105#3;0;0;0;0.00
3600.00;7200.00;3600_to_7200;0;0;0;654207106;0;0;0;0.00
3600.00;7200.00;3600_to_7200;3;3;110;654207108;0;0;103;5319.81
3600.00;7200.00;3600_to_7200;0;3;0;654207120;0;0;3;7.27
3600.00;7200.00;3600_to_7200;6;0;6;654207122;0;0;0;2.89
3600.00;7200.00;3600_to_7200;0;10;0;654207127#0;0;0;10;340.46
3600.00;7200.00;3600_to_7200;4;2;14;654207127#2;0;0;13;704.88
3600.00;7200.00;3600_to_7200;2;4;37;654207127#3;0;0;39;337.93
3600.00;7200.00;3600_to_7200;2;4;65;654207127#4;0;0;64;1367.29
3600.00;7200.00;3600_to_7200;2;4;70;654207127#5;0;0;70;1329.86
3600.00;7200.00;3600_to_7200;2;5;158;654207127#6;0;0;159;2571.22
3600.00;7200.00;3600_to_7200;4;1;139;65583364;0;0;138;1125.96
3600.00;7200.00;3600_to_7200;4;8;29;65583365#0;0;0;34;394.11
3600.00;7200.00;3600_to_7200;6;5;32;65583365#1;0;0;31;771.98
3600.00;7200.00;3600_to_7200;0;0;0;679761841;0;0;0;0.00
3600.00;7200.00;3600_to_7200;6;4;422;687383599#0;4;4;418;767.88
3600.00;7200.00;3600_to_7200;0;0;0;690208690;0;0;0;0.00
3600.00;7200.00;3600_to_7200;1;3;17;691307157;0;0;19;162.63
3600.00;7200.00;3600_to_7200;0;11;0;693295225;0;0;11;122.15
3600.00;7200.00;3600_to_7200;5;9;65;70724346#0;0;0;69;152.58
3600.00;7200.00;3600_to_7200;5;8;70;70724346#2;0;0;70;1393.08
3600.00;7200.00;3600_to_7200;2;3;374;70724347#0;0;0;373;2579.14
3600.00;7200.00;3600_to_7200;2;2;372;70724347#2;0;0;365;17710.57
3600.00;7200.00;3600_to_7200;2;3;59;70724349;0;0;60;1136.54
3600.00;7200.00;3600_to_7200;3;6;285;720012594#0;0;0;288;3231.88
3600.00;7200.00;3600_to_7200;2;8;178;720012595#0;0;0;186;3926.07
3600.00;7200.00;3600_to_7200;0;0;0;732109202;0;0;0;0.00
3600.00;7200.00;3600_to_7200;0;0;0;732109205;0;0;0;0.00
3600.00;7200.00;3600_to_7200;0;0;0;732109207;0;0;0;0.00
3600.00;7200.00;3600_to_7200;4;6;40;745498474;0;0;42;382.62
3600.00;7200.00;3600_to_7200;2;3;101;745498476#1;0;0;102;579.34
3600.00;7200.00;3600_to_7200;2;2;70;745660413#0;0;0;68;4453.75
3600.00;7200.00;3600_to_7200;2;6;74;745660413#2;0;0;77;1682.01
3600.00;7200.00;3600_to_7200;4;5;140;759157551#0;0;0;141;443.96
3600.00;7200.00;3600_to_7200;2;1;15;7682863#0;0;0;15;462.81
3600.00;7200.00;3600_to_7200;4;7;18;7682864#0;0;0;21;266.33
3600.00;7200.00;3600_to_7200;4;1;8;7682864#2;0;0;5;140.02
3600.00;7200.00;3600_to_7200;4;5;14;7682866#0;0;0;15;824.30
3600.00;7200.00;3600_to_7200;3;2;15;7682866#2;0;0;14;78.77
3600.00;7200.00;3600_to_7200;3;4;13;7682875;0;0;14;283.25
3600.00;7200.00;3600_to_7200;2;5;177;770622525;0;0;180;1876.83
3600.00;7200.00;3600_to_7200;3;4;90;772942669;0;0;91;2227.86
3600.00;7200.00;3600_to_7200;1;7;76;781650841;0;0;82;659.47
3600.00;7200.00;3600_to_7200;2;4;117;781742860#1;0;0;119;12692.85
3600.00;7200.00;3600_to_7200;1;2;125;781742860#4;0;0;121;9076.86
3600.00;7200.00;3600_to_7200;0;4;137;781742860#6;0;0;126;34502.94
3600.00;7200.00;3600_to_7200;1;5;21;803266531#2;0;0;25;378.68
3600.00;7200.00;3600_to_7200;4;5;24;8139943#0;0;0;25;175.96
3600.00;7200.00;3600_to_7200;5;3;106;8140188#0;0;0;104;1221.79
3600.00;7200.00;3600_to_7200;1;6;112;8140188#11;0;0;116;2817.82
3600.00;7200.00;3600_to_7200;4;5;115;8140188#3;0;0;116;1010.36
3600.00;7200.00;3600_to_7200;7;5;107;8140188#6;0;0;104;2050.59
3600.00;7200.00;3600_to_7200;0;1;111;8140188#9;0;0;112;1435.53
3600.00;7200.00;3600_to_7200;4;5;74;8140193#0;0;0;56;19176.19
3600.00;7200.00;3600_to_7200;0;0;0;8140194#0;0;0;0;0.00
3600.00;7200.00;3600_to_7200;1;3;202;8140196;0;0;206;2369.45
3600.00;7200.00;3600_to_7200;4;4;48;8140197#0;0;0;48;592.54
3600.00;7200.00;3600_to_7200;1;5;46;8140198#0;0;0;50;290.93
3600.00;7200.00;3600_to_7200;5;5;70;8140199;0;0;70;317.69
3600.00;7200.00;3600_to_7200;2;9;3;8144186#0;0;0;10;138.50
3600.00;7200.00;3600_to_7200;0;4;12;8152033#0;0;0;16;74.25
3600.00;7200.00;3600_to_7200;1;4;16;8152033#1;0;0;19;90.88
3600.00;7200.00;3600_to_7200;2;6;81;8152035#0;0;0;85;651.15
3600.00;7200.00;3600_to_7200;5;6;85;8152035#2;0;0;85;1291.42
3600.00;7200.00;3600_to_7200;4;4;51;8152036#0;0;0;51;128.61
3600.00;7200.00;3600_to_7200;3;5;51;8152036#1;0;0;53;939.81
3600.00;7200.00;3600_to_7200;2;2;26;8152037#0;0;0;26;240.13
3600.00;7200.00;3600_to_7200;6;5;35;8152037#1;0;0;33;447.58
3600.00;7200.00;3600_to_7200;4;7;110;8152038;0;0;113;2387.66
3600.00;7200.00;3600_to_7200;3;7;5;8152056;0;0;9;294.63
3600.00;7200.00;3600_to_7200;2;6;49;8152060#0;0;0;48;9536.27
3600.00;7200.00;3600_to_7200;1;4;63;8152060#1;0;0;60;10737.44
3600.00;7200.00;3600_to_7200;0;0;0;819874585;0;0;0;0.00
3600.00;7200.00;3600_to_7200;5;3;51;8250527#0;0;0;49;495.71
3600.00;7200.00;3600_to_7200;0;3;43;8250527#1;0;0;46;488.94
3600.00;7200.00;3600_to_7200;2;4;36;8250533#0;0;0;37;1169.96
3600.00;7200.00;3600_to_7200;0;0;0;826580378;0;0;0;0.00
3600.00;7200.00;3600_to_7200;0;0;0;8298688;0;0;0;0.00
3600.00;7200.00;3600_to_7200;3;6;30;829968896#1;0;0;33;35.00
3600.00;7200.00;3600_to_7200;3;5;55;829968897;0;0;57;176.92
3600.00;7200.00;3600_to_7200;3;3;52;830745951;0;0;48;4102.17
3600.00;7200.00;3600_to_7200;0;4;0;832487280;0;0;4;41.11
3600.00;7200.00;3600_to_7200;1;4;52;832488060#1;0;0;56;874.42
3600.00;7200.00;3600_to_7200;4;5;15;832488061;0;0;16;218.84
3600.00;7200.00;3600_to_7200;0;0;0;83629545#0;0;0;0;0.00
3600.00;7200.00;3600_to_7200;0;0;0;83629545#1;0;0;0;0.00
3600.00;7200.00;3600_to_7200;2;3;24;8382279#0;0;0;25;815.50
3600.00;7200.00;3600_to_7200;4;8;97;8382279#1;0;0;101;1443.07
3600.00;7200.00;3600_to_7200;2;5;18;8382281#0;0;0;21;722.34
3600.00;7200.00;3600_to_7200;4;7;126;8382282#0;0;0;127;945.94
3600.00;7200.00;3600_to_7200;1;6;63;8382283#0;0;0;67;3913.78
3600.00;7200.00;3600_to_7200;4;8;62;8382283#3;0;0;66;1241.90
3600.00;7200.00;3600_to_7200;4;2;126;8382285;0;0;115;6682.14
3600.00;7200.00;3600_to_7200;5;1;18;8382299#0;0;0;14;252.36
3600.00;7200.00;3600_to_7200;4;4;14;8382299#1;0;0;14;129.97
3600.00;7200.00;3600_to_7200;3;3;46;8382302#0;0;0;47;568.97
3600.00;7200.00;3600_to_7200;0;5;54;8382302#1;0;0;59;1590.85
3600.00;7200.00;3600_to_7200;4;6;5;8382305;0;0;7;254.28
3600.00;7200.00;3600_to_7200;5;5;24;8382307#0;0;0;23;322.59
3600.00;7200.00;3600_to_7200;4;9;23;8382307#1;0;0;28;41.36
3600.00;7200.00;3600_to_7200;6;7;28;8382307#2;0;0;27;425.39
3600.00;7200.00;3600_to_7200;3;7;238;8382320#0;0;0;242;2025.03
3600.00;7200.00;3600_to_7200;1;5;54;8382328#0;0;0;58;2102.82
3600.00;7200.00;3600_to_7200;2;7;30;8382347#0;0;0;35;308.42
3600.00;7200.00;3600_to_7200;3;3;43;8382347#2;0;0;41;4096.21
3600.00;7200.00;3600_to_7200;0;2;262;8382354#0;0;0;256;16028.85
3600.00;7200.00;3600_to_7200;2;8;8;8382358;0;0;14;405.13
3600.00;7200.00;3600_to_7200;1;8;5;8382359;0;0;12;141.30
3600.00;7200.00;3600_to_7200;3;5;10;8382365#0;0;0;12;321.80
3600.00;7200.00;3600_to_7200;7;3;12;8382365#1;0;0;8;163.76
3600.00;7200.00;3600_to_7200;4;1;10;8382368#0;0;0;6;214.86
3600.00;7200.00;3600_to_7200;6;1;189;8382385;0;0;184;618.74
3600.00;7200.00;3600_to_7200;5;2;10;8382391#0;0;0;8;180.12
3600.00;7200.00;3600_to_7200;4;8;141;8382393#0;0;0;145;1840.31
3600.00;7200.00;3600_to_7200;2;4;136;8382393#3;0;0;132;3408.26
3600.00;7200.00;3600_to_7200;3;2;45;8382395#0;0;0;45;1061.54
3600.00;7200.00;3600_to_7200;2;8;89;8382402#0;0;0;95;928.05
3600.00;7200.00;3600_to_7200;3;3;26;8382402#2;0;0;26;89.40
3600.00;7200.00;3600_to_7200;3;6;16;8382410#0;0;0;18;224.78
3600.00;7200.00;3600_to_7200;3;6;10;8382410#1;0;0;13;265.79
3600.00;7200.00;3600_to_7200;3;8;40;8382421#0;0;0;46;1316.31
3600.00;7200.00;3600_to_7200;1;5;26;8382429#0;0;0;28;1161.61
3600.00;7200.00;3600_to_7200;2;9;23;8382430#0;0;0;26;6016.76
3600.00;7200.00;3600_to_7200;3;6;18;8382440#0;0;0;20;2738.75
3600.00;7200.00;3600_to_7200;3;4;3;8382443;0;0;4;169.46
3600.00;7200.00;3600_to_7200;4;4;6;8382444;0;0;6;285.06
3600.00;7200.00;3600_to_7200;5;5;15;8382445#0;0;0;15;444.87
3600.00;7200.00;3600_to_7200;3;3;7;8382445#2;0;0;7;92.29
3600.00;7200.00;3600_to_7200;3;5;66;8382447#0;0;0;68;212.97
3600.00;7200.00;3600_to_7200;3;2;55;8382447#2;0;0;54;762.80
3600.00;7200.00;3600_to_7200;4;6;128;8384886#0;0;0;130;1807.69
3600.00;7200.00;3600_to_7200;1;3;50;8384893#0;0;0;41;11567.85
3600.00;7200.00;3600_to_7200;1;2;5;8384893#2;0;0;6;69.35
3600.00;7200.00;3600_to_7200;2;5;125;8384902#0;0;0;120;2289.37
3600.00;7200.00;3600_to_7200;2;4;127;8384905#0;0;0;123;1679.64
3600.00;7200.00;3600_to_7200;6;4;54;8384907#0;0;0;52;190.46
3600.00;7200.00;3600_to_7200;7;8;37;8384914;0;0;38;493.52
3600.00;7200.00;3600_to_7200;4;8;139;8384918#0;0;0;128;11905.50
3600.00;7200.00;3600_to_7200;1;3;31;8384926#0;0;0;28;3478.50
3600.00;7200.00;3600_to_7200;1;4;27;8384926#1;0;0;26;5540.66
3600.00;7200.00;3600_to_7200;1;2;3;8384928;0;0;4;66.21
3600.00;7200.00;3600_to_7200;2;9;6;8384930#0;0;0;14;2166.94
3600.00;7200.00;3600_to_7200;3;5;45;8385415#0;0;0;47;42.02
3600.00;7200.00;3600_to_7200;1;4;44;8385415#1;0;0;45;1772.18
3600.00;7200.00;3600_to_7200;7;0;7;839709054;0;0;0;182.32
3600.00;7200.00;3600_to_7200;4;4;76;8404828#1;0;0;78;6280.57
3600.00;7200.00;3600_to_7200;3;3;368;856293281;9;9;317;41567.85
3600.00;7200.00;3600_to_7200;2;8;17;856293282;0;0;24;32.67
3600.00;7200.00;3600_to_7200;1;3;50;856293283;1;1;51;443.60
3600.00;7200.00;3600_to_7200;3;8;110;856293284;47;47;115;1602.18
3600.00;7200.00;3600_to_7200;2;4;337;856293285#0;33;33;313;26792.03
3600.00;7200.00;3600_to_7200;6;3;206;856293285#1;193;193;212;11644.96
3600.00;7200.00;3600_to_7200;2;10;7;856297346;1;1;15;159.29
3600.00;7200.00;3600_to_7200;3;4;26;87286857;0;0;27;62.30
3600.00;7200.00;3600_to_7200;2;2;175;875759959;39;39;146;42362.86
3600.00;7200.00;3600_to_7200;3;1;209;875759960;33;33;191;29922.50
3600.00;7200.00;3600_to_7200;1;8;209;875773546;0;0;207;21702.00
3600.00;7200.00;3600_to_7200;0;10;0;879483837;0;0;10;37.76
3600.00;7200.00;3600_to_7200;0;0;23;887989674;0;0;23;39.98
3600.00;7200.00;3600_to_7200;1;6;132;897211373#0;0;0;137;71.02
3600.00;7200.00;3600_to_7200;1;5;137;897211373#1;23;23;143;645.94
3600.00;7200.00;3600_to_7200;2;10;209;897325985#1;34;34;217;806.64
3600.00;7200.00;3600_to_7200;0;1;20;900443644#0;0;0;21;252.91
3600.00;7200.00;3600_to_7200;3;4;8;9387033#0;0;0;9;186.83
3600.00;7200.00;3600_to_7200;2;7;98;939752205#0;0;0;102;1837.16
3600.00;7200.00;3600_to_7200;0;2;116;939752205#2;0;0;116;2362.88
3600.00;7200.00;3600_to_7200;2;2;143;939752205#4;0;0;139;11648.49
3600.00;7200.00;3600_to_7200;0;4;96;939752206;0;0;99;2029.40
3600.00;7200.00;3600_to_7200;1;3;252;939752207;129;129;208;67446.56
3600.00;7200.00;3600_to_7200;4;4;158;945224009;40;40;137;10252.70
3600.00;7200.00;3600_to_7200;0;0;0;947381462;0;0;0;0.00
3600.00;7200.00;3600_to_7200;4;5;26;950756091;0;0;28;105.39
3600.00;7200.00;3600_to_7200;5;5;7;95742114;0;0;7;30.21
3600.00;7200.00;3600_to_7200;3;4;183;95742119#1;0;0;185;880.95
3600.00;7200.00;3600_to_7200;2;5;44;96016135;0;0;47;84.32
3600.00;7200.00;3600_to_7200;9;3;10;96016144#0;0;0;5;349.52
3600.00;7200.00;3600_to_7200;2;0;2;96018881#0;0;0;0;27.36
3600.00;7200.00;3600_to_7200;4;3;105;960773147;0;0;103;784.73
3600.00;7200.00;3600_to_7200;1;1;18;960773148#0;0;0;17;369.32
3600.00;7200.00;3600_to_7200;2;5;173;960773148#1;0;0;176;430.83
3600.00;7200.00;3600_to_7200;0;3;99;960773149;0;0;102;1974.79
3600.00;7200.00;3600_to_7200;0;12;0;963479927#0;12;12;12;259.81
3600.00;7200.00;3600_to_7200;0;4;38;972497141;0;0;42;34.81
3600.00;7200.00;3600_to_7200;0;0;0;998997382;0;0;0;0.00
3600.00;7200.00;3600_to_7200;0;0;0;998997383;0;0;0;0.00
3600.00;7200.00;3600_to_7200;0;0;0;998997384#1;0;0;0;0.00
3600.00;7200.00;3600_to_7200;0;0;0;998997385#0;0;0;0;0.00
3600.00;7200.00;3600_to_7200;0;0;0;998997385#1;0;0;0;0.00
3600.00;7200.00;3600_to_7200;0;0;0;999084929;0;0;0;0.00
3600.00;7200.00;3600_to_7200;0;0;0;999084930;0;0;0;0.00
3600.00;7200.00;3600_to_7200;0;0;0;999084931#1;0;0;0;0.00
